Player,Pos,Squad,Age,Born,MP,Starts,Min,90s,Gls,Ast,G+A,G-PK,PK,PKatt,CrdY,CrdR,xG,npxG,xAG,npxG+xAG,PrgC,PrgP,PrgR,Gls,Ast,G+A,G-PK,G+A-PK,xG,xAG,xG+xAG,npxG,npxG+xAG,Matches
Che Adams,FW,sct Scotland,27,1996,3,3,209,2.3,0,0,0,0,0,0,0,0,0.1,0.1,0.1,0.2,3,2,10,0,0,0,0,0,0.05,0.03,0.09,0.05,0.09,Matches
Michel Aebischer,DF,ch Switzerland,27,1997,5,5,476,5.3,1,2,3,1,0,0,0,0,0.1,0.1,1.2,1.3,4,28,18,0.19,0.38,0.57,0.19,0.57,0.02,0.22,0.24,0.02,0.24,Matches
Arlind Ajeti,DF,al Albania,30,1993,3,3,270,3,0,0,0,0,0,0,0,0,0,0,0,0,1,5,0,0,0,0,0,0,0,0,0,0,0,Matches
Manuel Akanji,DF,ch Switzerland,28,1995,5,5,480,5.3,0,0,0,0,0,0,0,0,0,0,0,0,2,25,1,0,0,0,0,0,0,0,0,0,0,Matches
Samet Akaydın,DF,tr Türkiye,29,1994,4,4,335,3.7,1,0,1,1,0,0,2,0,0.4,0.4,0,0.4,1,15,0,0.27,0,0.27,0.27,0.27,0.09,0,0.09,0.09,0.09,Matches
Nathan Aké,DF,nl Netherlands,28,1995,6,6,470,5.2,0,1,1,0,0,0,1,0,0.1,0.1,0.4,0.6,7,21,11,0,0.19,0.19,0,0.19,0.02,0.08,0.11,0.02,0.11,Matches
Yunus Akgün,FW,tr Türkiye,23,2000,1,1,69,0.8,0,0,0,0,0,0,0,0,0,0,0.1,0.1,3,3,5,0,0,0,0,0,0,0.11,0.11,0,0.11,Matches
Kerem Aktürkoğlu,"FW,MF",tr Türkiye,25,1998,5,1,105,1.2,1,0,1,1,0,0,0,0,1.4,1.4,0.1,1.5,7,3,11,0.86,0,0.86,0.86,0.86,1.22,0.11,1.33,1.22,1.33,Matches
Trent Alexander-Arnold,"MF,DF",eng England,25,1998,4,2,134,1.5,0,0,0,0,0,0,0,0,0.1,0.1,0.1,0.2,5,12,5,0,0,0,0,0,0.07,0.08,0.16,0.07,0.16,Matches
Denis Alibec,FW,ro Romania,33,1991,2,0,29,0.3,0,0,0,0,0,0,0,0,0.3,0.3,0,0.3,0,0,2,0,0,0,0,0,1.05,0,1.05,1.05,1.05,Matches
Barış Alper Yılmaz,FW,tr Türkiye,23,2000,5,5,450,5,0,0,0,0,0,0,0,0,0.4,0.4,0.8,1.2,14,15,36,0,0,0,0,0,0.08,0.16,0.24,0.08,0.24,Matches
Sandro Altunashvili,MF,ge Georgia,26,1997,2,0,52,0.6,0,0,0,0,0,0,0,0,0,0,0,0,1,1,0,0,0,0,0,0,0,0,0,0,0,Matches
Zeki Amdouni,"MF,FW",ch Switzerland,23,2000,4,0,57,0.6,0,0,0,0,0,0,0,0,0.2,0.2,0,0.2,3,1,6,0,0,0,0,0,0.33,0,0.33,0.33,0.33,Matches
Joachim Andersen,DF,dk Denmark,27,1996,4,4,360,4,0,0,0,0,0,0,1,0,0.2,0.2,0.2,0.4,7,24,1,0,0,0,0,0,0.04,0.06,0.1,0.04,0.1,Matches
Robert Andrich,MF,de Germany,29,1994,5,4,318,3.5,0,0,0,0,0,0,2,0,0.3,0.3,0.1,0.4,1,21,3,0,0,0,0,0,0.09,0.03,0.12,0.09,0.12,Matches
Waldemar Anton,DF,de Germany,27,1996,2,0,33,0.4,0,0,0,0,0,0,0,0,0,0,0.1,0.1,0,2,0,0,0,0,0,0,0,2.1,2.1,0,2.1,Matches
Stuart Armstrong,MF,sct Scotland,31,1992,1,0,15,0.2,0,0,0,0,0,0,0,0,0,0,0,0,1,1,1,0,0,0,0,0,0,0,0,0,0,Matches
Marko Arnautović,FW,at Austria,34,1989,4,3,279,3.1,1,0,1,0,1,1,1,0,1.7,0.9,0,0.9,1,3,16,0.32,0,0.32,0,0,0.53,0,0.53,0.28,0.28,Matches
Jasir Asani,FW,al Albania,28,1995,3,3,210,2.3,0,1,1,0,0,0,0,0,0.1,0.1,0.4,0.5,4,4,9,0,0.43,0.43,0,0.43,0.02,0.18,0.2,0.02,0.2,Matches
Kristjan Asllani,MF,al Albania,21,2002,3,3,270,3,0,0,0,0,0,0,0,0,0.6,0.6,0.6,1.1,3,10,3,0,0,0,0,0,0.18,0.19,0.38,0.18,0.38,Matches
Kaan Ayhan,"MF,DF",tr Türkiye,29,1994,5,4,358,4,0,1,1,0,0,0,1,0,0.3,0.3,0.3,0.6,1,16,4,0,0.25,0.25,0,0.25,0.08,0.07,0.15,0.08,0.15,Matches
Alex Baena,"MF,FW",es Spain,22,2001,2,0,27,0.3,0,0,0,0,0,0,0,0,0,0,0.1,0.1,1,2,4,0,0,0,0,0,0,0.26,0.26,0,0.26,Matches
Alexander Bah,"DF,MF",dk Denmark,26,1997,4,3,281,3.1,0,0,0,0,0,0,0,0,0.4,0.4,0.1,0.4,5,20,9,0,0,0,0,0,0.12,0.02,0.14,0.12,0.14,Matches
Nedim Bajrami,"FW,MF",al Albania,24,1999,3,3,245,2.7,1,0,1,1,0,0,1,0,0.1,0.1,0,0.1,7,5,14,0.37,0,0.37,0.37,0.37,0.05,0,0.05,0.05,0.05,Matches
Johan Bakayoko,"FW,DF",be Belgium,20,2003,2,0,48,0.5,0,0,0,0,0,0,0,0,0.6,0.6,0.1,0.7,0,1,1,0,0,0,0,0,1.22,0.19,1.41,1.22,1.41,Matches
Jure Balkovec,DF,si Slovenia,29,1994,2,1,121,1.3,0,0,0,0,0,0,1,0,0,0,0,0,0,5,0,0,0,0,0,0,0,0.03,0.03,0,0.03,Matches
Iván Balliu,DF,al Albania,32,1992,1,1,90,1,0,0,0,0,0,0,0,0,0,0,0,0,1,2,1,0,0,0,0,0,0,0,0,0,0,Matches
Nicușor Bancu,DF,ro Romania,31,1992,3,3,270,3,0,0,0,0,0,0,2,0,0,0,0.1,0.1,7,12,4,0,0,0,0,0,0,0.03,0.03,0,0.03,Matches
Antonín Barák,MF,cz Czechia,29,1994,3,1,41,0.5,0,0,0,0,0,0,2,1,0,0,0,0,1,2,4,0,0,0,0,0,0,0.04,0.04,0,0.04,Matches
Bradley Barcola,"FW,MF",fr France,21,2002,3,1,103,1.1,0,0,0,0,0,0,0,0,0.1,0.1,0.5,0.7,9,7,20,0,0,0,0,0,0.14,0.56,0.7,0.14,0.7,Matches
Abdülkerim Bardakcı,DF,tr Türkiye,29,1994,4,4,360,4,0,0,0,0,0,0,2,0,0.3,0.3,0.3,0.5,6,13,1,0,0,0,0,0,0.06,0.07,0.14,0.06,0.14,Matches
Nicolò Barella,MF,it Italy,26,1997,4,4,332,3.7,1,0,1,1,0,0,1,0,0.1,0.1,0.3,0.4,8,21,7,0.27,0,0.27,0.27,0.27,0.02,0.08,0.1,0.02,0.1,Matches
Alessandro Bastoni,DF,it Italy,24,1999,4,4,360,4,1,0,1,1,0,0,0,0,0.5,0.5,0,0.5,5,21,6,0.25,0,0.25,0.25,0.25,0.13,0,0.13,0.13,0.13,Matches
Martin Baturina,FW,hr Croatia,20,2003,1,0,7,0.1,0,0,0,0,0,0,0,0,0.1,0.1,0,0.1,1,0,0,0,0,0,0,0,0.95,0,0.95,0.95,0.95,Matches
Christoph Baumgartner,"MF,FW",at Austria,24,1999,4,3,289,3.2,1,1,2,1,0,0,1,0,1.8,1.8,0.6,2.4,17,9,17,0.31,0.31,0.62,0.31,0.62,0.56,0.18,0.74,0.56,0.74,Matches
Altay Bayındır,GK,tr Türkiye,25,1998,1,1,90,1,0,0,0,0,0,0,0,0,0,0,0,0,0,0,0,0,0,0,0,0,0,0,0,0,0,Matches
Jan Bednarek,DF,pl Poland,27,1996,3,3,270,3,0,0,0,0,0,0,0,0,0.2,0.2,0,0.2,0,2,0,0,0,0,0,0,0.05,0,0.05,0.05,0.05,Matches
Maximilian Beier,FW,de Germany,21,2002,1,0,26,0.3,0,0,0,0,0,0,0,0,0,0,0,0,0,0,3,0,0,0,0,0,0,0,0,0,0,Matches
Jude Bellingham,"MF,FW",eng England,20,2003,7,7,670,7.4,2,1,3,2,0,0,2,0,0.6,0.6,0.4,1.1,26,36,36,0.27,0.13,0.4,0.27,0.4,0.09,0.06,0.15,0.09,0.15,Matches
László Bénes,MF,sk Slovakia,26,1997,2,0,71,0.8,0,0,0,0,0,0,0,0,0.1,0.1,0.7,0.8,0,0,8,0,0,0,0,0,0.23,1.55,1.78,0.23,1.78,Matches
Bartosz Bereszyński,DF,pl Poland,31,1992,1,0,5,0.1,0,0,0,0,0,0,0,0,0,0,0,0,0,0,0,0,0,0,0,0,0,0,0,0,0,Matches
Steven Bergwijn,FW,nl Netherlands,26,1997,2,2,90,1,0,0,0,0,0,0,0,0,0,0,0,0,7,7,4,0,0,0,0,0,0.02,0,0.02,0.02,0.02,Matches
Medon Berisha,MF,al Albania,20,2003,1,0,21,0.2,0,0,0,0,0,0,1,0,0,0,0,0,0,1,1,0,0,0,0,0,0.14,0,0.14,0.14,0.14,Matches
Victor Bernth Kristiansen,"DF,MF",dk Denmark,21,2002,4,2,156,1.7,0,1,1,0,0,0,0,0,0,0,0.3,0.3,5,1,18,0,0.58,0.58,0,0.58,0.02,0.17,0.19,0.02,0.19,Matches
Matúš Bero,"MF,DF",sk Slovakia,28,1995,2,0,41,0.5,0,0,0,0,0,0,0,0,0,0,0,0,1,3,6,0,0,0,0,0,0.26,0,0.26,0.26,0.26,Matches
Jaka Bijol,DF,si Slovenia,24,1999,4,4,390,4.3,0,0,0,0,0,0,2,0,0,0,0,0,0,3,0,0,0,0,0,0,0,0,0.01,0,0.01,Matches
Veljko Birmančević,DF,rs Serbia,25,1998,2,0,26,0.3,0,0,0,0,0,0,0,0,0,0,0,0,3,3,7,0,0,0,0,0,0.06,0,0.06,0.06,0.06,Matches
Daley Blind,FW,nl Netherlands,33,1990,1,0,1,0,0,0,0,0,0,0,0,0,0,0,0,0,0,0,0,0,0,0,0,0,0,0,0,0,0,Matches
Bendegúz Bolla,DF,hu Hungary,24,1999,3,2,204,2.3,0,0,0,0,0,0,1,0,0.1,0.1,0.2,0.3,2,3,13,0,0,0,0,0,0.03,0.1,0.13,0.03,0.13,Matches
Endre Botka,DF,hu Hungary,29,1994,1,1,90,1,0,0,0,0,0,0,0,0,0,0,0,0,0,3,0,0,0,0,0,0,0,0,0,0,0,Matches
Jarrod Bowen,FW,eng England,27,1996,2,0,37,0.4,0,0,0,0,0,0,0,0,0,0,0.2,0.2,1,0,3,0,0,0,0,0,0,0.49,0.49,0,0.49,Matches
Róbert Boženík,FW,sk Slovakia,24,1999,4,2,208,2.3,0,0,0,0,0,0,0,0,0.1,0.1,0,0.1,1,1,10,0,0,0,0,0,0.06,0.02,0.07,0.06,0.07,Matches
Volodymyr Brazhko,MF,ua Ukraine,22,2002,3,2,182,2,0,0,0,0,0,0,0,0,0,0,0,0.1,0,3,1,0,0,0,0,0,0.02,0.02,0.04,0.02,0.04,Matches
David Brekalo,MF,si Slovenia,25,1998,2,0,2,0,0,0,0,0,0,0,0,0,0,0,0,0,0,0,0,0,0,0,0,0,0,0,0,0,0,Matches
Brian Brobbey,FW,nl Netherlands,21,2002,1,0,1,0,0,0,0,0,0,0,0,0,0,0,0,0,0,0,0,0,0,0,0,0,0,0,0,0,0,Matches
Armando Broja,FW,al Albania,22,2001,2,1,108,1.2,0,0,0,0,0,0,1,0,0.2,0.2,0.1,0.3,2,1,4,0,0,0,0,0,0.18,0.06,0.23,0.18,0.23,Matches
Marcelo Brozović,MF,hr Croatia,31,1992,3,3,225,2.5,0,0,0,0,0,0,1,0,0.1,0.1,0.1,0.2,2,13,6,0,0,0,0,0,0.06,0.03,0.09,0.06,0.09,Matches
Jacob Bruun Larsen,FW,dk Denmark,25,1998,1,0,10,0.1,0,0,0,0,0,0,0,0,0,0,0,0,1,1,4,0,0,0,0,0,0,0,0,0,0,Matches
Ante Budimir,FW,hr Croatia,32,1991,3,1,122,1.4,0,1,1,0,0,0,0,0,0.8,0.5,1.2,1.7,1,2,5,0,0.74,0.74,0,0.74,0.6,0.87,1.48,0.38,1.25,Matches
Adam Buksa,FW,pl Poland,27,1996,2,2,149,1.7,1,0,1,1,0,0,0,0,0.2,0.2,0.2,0.3,1,1,6,0.6,0,0.6,0.6,0.6,0.1,0.11,0.21,0.1,0.21,Matches
Andrei Burcă,DF,ro Romania,30,1993,4,4,360,4,0,0,0,0,0,0,1,0,0.1,0.1,0,0.1,2,6,1,0,0,0,0,0,0.02,0,0.02,0.02,0.02,Matches
Riccardo Calafiori,DF,it Italy,21,2002,3,3,270,3,0,1,1,0,0,0,2,0,0.3,0.3,0.2,0.5,7,11,1,0,0.33,0.33,0,0.33,0.1,0.08,0.17,0.1,0.17,Matches
Hakan Çalhanoğlu,MF,tr Türkiye,29,1994,4,4,355,3.9,1,0,1,1,0,0,2,0,0.4,0.4,0.2,0.6,5,18,12,0.25,0,0.25,0.25,0.25,0.09,0.05,0.14,0.09,0.14,Matches
Eduardo Camavinga,MF,fr France,21,2002,4,1,169,1.9,0,0,0,0,0,0,1,0,0.3,0.3,0.1,0.4,2,12,5,0,0,0,0,0,0.15,0.04,0.2,0.15,0.2,Matches
Andrea Cambiaso,"FW,DF",it Italy,23,2000,3,0,76,0.8,0,0,0,0,0,0,0,0,0,0,0,0,1,1,7,0,0,0,0,0,0,0,0,0,0,Matches
Emre Can,MF,de Germany,30,1994,4,1,102,1.1,1,0,1,1,0,0,0,0,0,0,0,0.1,1,4,1,0.88,0,0.88,0.88,0.88,0.03,0.03,0.06,0.03,0.06,Matches
João Cancelo,"DF,MF",pt Portugal,29,1994,4,4,345,3.8,0,0,0,0,0,0,1,0,0.1,0.1,0.4,0.4,14,36,26,0,0,0,0,0,0.02,0.09,0.11,0.02,0.11,Matches
Yannick Carrasco,"DF,FW",be Belgium,30,1993,4,2,218,2.4,0,0,0,0,0,0,0,0,0.3,0.3,0,0.3,5,10,12,0,0,0,0,0,0.14,0,0.14,0.14,0.14,Matches
Dani Carvajal,DF,es Spain,32,1992,5,5,469,5.2,1,0,1,1,0,0,3,1,0.5,0.5,0.5,1,11,23,15,0.19,0,0.19,0.19,0.19,0.1,0.09,0.19,0.1,0.19,Matches
Timothy Castagne,DF,be Belgium,28,1995,4,4,357,4,0,0,0,0,0,0,0,0,0,0,0,0,4,11,16,0,0,0,0,0,0,0,0,0,0,Matches
Koen Casteels,GK,be Belgium,31,1992,4,4,360,4,0,0,0,0,0,0,0,0,0,0,0,0,0,0,0,0,0,0,0,0,0,0,0,0,0,Matches
Žan Celar,"FW,MF",si Slovenia,24,1999,3,0,67,0.7,0,0,0,0,0,0,1,0,0,0,0,0,1,1,2,0,0,0,0,0,0.07,0,0.07,0.07,0.07,Matches
Zeki Çelik,"DF,MF",tr Türkiye,26,1997,3,1,105,1.2,0,0,0,0,0,0,1,0,0.2,0.2,0.5,0.7,1,3,11,0,0,0,0,0,0.17,0.46,0.63,0.17,0.63,Matches
Václav Černý,MF,cz Czechia,26,1997,1,1,54,0.6,0,0,0,0,0,0,0,0,0.5,0.5,0.1,0.6,1,1,2,0,0,0,0,0,0.81,0.17,0.99,0.81,0.99,Matches
Giorgi Chakvetadze,"MF,FW",ge Georgia,24,1999,4,3,244,2.7,0,0,0,0,0,0,0,0,0.1,0.1,0.3,0.4,8,11,7,0,0,0,0,0,0.02,0.11,0.14,0.02,0.14,Matches
Federico Chiesa,"FW,MF",it Italy,26,1997,4,3,263,2.9,0,0,0,0,0,0,0,0,0.2,0.2,0.3,0.4,14,5,32,0,0,0,0,0,0.06,0.09,0.15,0.06,0.15,Matches
Tomáš Chorý,MF,cz Czechia,29,1995,2,0,36,0.4,0,0,0,0,0,0,0,1,0.4,0.4,0,0.4,0,0,1,0,0,0,0,0,1,0,1,1,1,Matches
Andreas Christensen,DF,dk Denmark,27,1996,4,4,350,3.9,0,0,0,0,0,0,0,0,0.5,0.5,0,0.5,1,9,0,0,0,0,0,0,0.12,0,0.12,0.12,0.12,Matches
Ryan Christie,"MF,FW",sct Scotland,28,1995,3,1,99,1.1,0,0,0,0,0,0,0,0,0,0,0,0,0,0,4,0,0,0,0,0,0,0,0,0,0,Matches
Mojmir Chytil,FW,cz Czechia,24,1999,3,1,107,1.2,0,0,0,0,0,0,0,0,0.2,0.2,0.1,0.3,0,1,2,0,0,0,0,0,0.16,0.1,0.26,0.16,0.26,Matches
Alexandru Cicâldău,MF,ro Romania,26,1997,1,0,19,0.2,0,0,0,0,0,0,0,0,0,0,0,0,0,0,0,0,0,0,0,0,0,0,0,0,0,Matches
Florinel Coman,MF,ro Romania,25,1998,2,2,118,1.3,0,0,0,0,0,0,0,0,0.1,0.1,0.1,0.1,3,1,4,0,0,0,0,0,0.05,0.05,0.1,0.05,0.1,Matches
Kingsley Coman,MF,fr France,27,1996,1,0,16,0.2,0,0,0,0,0,0,0,0,0,0,0,0,0,1,3,0,0,0,0,0,0,0,0,0,0,Matches
Francisco Conceição,"FW,MF",pt Portugal,21,2002,4,1,182,2,1,0,1,1,0,0,1,0,0.9,0.9,1.6,2.5,15,9,34,0.49,0,0.49,0.49,0.49,0.66,1.21,1.88,0.66,1.88,Matches
Diogo Costa,GK,pt Portugal,24,1999,5,5,510,5.7,0,0,0,0,0,0,0,0,0,0,0,0,0,0,0,0,0,0,0,0,0,0,0,0,0,Matches
Vladimír Coufal,"DF,FW",cz Czechia,31,1992,3,3,270,3,0,1,1,0,0,0,1,0,0,0,0.6,0.6,10,11,12,0,0.33,0.33,0,0.33,0,0.19,0.19,0,0.19,Matches
Bryan Cristante,MF,it Italy,28,1995,3,1,133,1.5,0,0,0,0,0,0,1,0,0.1,0.1,0.2,0.3,4,5,2,0,0,0,0,0,0.05,0.13,0.18,0.05,0.18,Matches
Kevin Csoboth,DF,hu Hungary,23,2000,2,0,9,0.1,1,0,1,1,0,0,2,0,0.6,0.6,0,0.6,1,2,1,10,0,10,10,10,6.22,0,6.22,6.22,6.22,Matches
Marc Cucurella,DF,es Spain,25,1998,6,6,545,6.1,0,1,1,0,0,0,0,0,0,0,1.1,1.2,16,29,33,0,0.17,0.17,0,0.17,0,0.2,0.2,0,0.2,Matches
Mirlind Daku,FW,al Albania,26,1998,1,0,6,0.1,0,0,0,0,0,0,1,0,0.1,0.1,0.1,0.2,1,1,2,0,0,0,0,0,1.71,1.99,3.7,1.71,3.7,Matches
Diogo Dalot,"DF,MF",pt Portugal,24,1999,2,2,152,1.7,0,0,0,0,0,0,0,0,0.1,0.1,0,0.1,2,11,13,0,0,0,0,0,0.03,0.02,0.06,0.03,0.06,Matches
Mikkel Damsgaard,FW,dk Denmark,23,2000,1,0,34,0.4,0,0,0,0,0,0,0,0,0,0,0,0,0,0,2,0,0,0,0,0,0.03,0,0.03,0.03,0.03,Matches
Kevin Danso,DF,at Austria,25,1998,3,2,212,2.4,0,0,0,0,0,0,1,0,0,0,0,0,4,22,1,0,0,0,0,0,0.02,0,0.02,0.02,0.02,Matches
Márton Dárdai,DF,hu Hungary,21,2002,3,2,175,1.9,0,0,0,0,0,0,0,0,0.1,0.1,0,0.1,0,5,0,0,0,0,0,0,0.04,0,0.04,0.04,0.04,Matches
Matteo Darmian,DF,it Italy,34,1989,3,2,161,1.8,0,0,0,0,0,0,0,0,0,0,0,0,1,6,5,0,0,0,0,0,0,0,0,0,0,Matches
Zuriko Davitashvili,"FW,MF",ge Georgia,22,2001,4,1,115,1.3,0,0,0,0,0,0,1,0,0.1,0.1,0,0.1,3,3,11,0,0,0,0,0,0.07,0,0.07,0.07,0.07,Matches
Paweł Dawidowicz,DF,pl Poland,28,1995,2,2,180,2,0,0,0,0,0,0,1,0,0.1,0.1,0,0.1,0,0,0,0,0,0,0,0,0.05,0,0.05,0.05,0.05,Matches
Kevin De Bruyne,MF,be Belgium,32,1991,4,4,360,4,1,0,1,1,0,0,0,0,0.9,0.9,1.6,2.5,7,28,21,0.25,0,0.25,0.25,0.25,0.21,0.4,0.61,0.21,0.61,Matches
Charles De Ketelaere,FW,be Belgium,22,2001,1,0,3,0,0,0,0,0,0,0,0,0,0,0,0,0,0,0,0,0,0,0,0,0,0,0,0,0,0,Matches
Zeno Debast,DF,be Belgium,20,2003,2,1,104,1.2,0,0,0,0,0,0,0,0,0,0,0.1,0.1,0,3,0,0,0,0,0,0,0,0.09,0.09,0,0.09,Matches
Thomas Delaney,MF,dk Denmark,32,1991,3,1,84,0.9,0,0,0,0,0,0,0,0,0.1,0.1,0.2,0.3,2,4,4,0,0,0,0,0,0.12,0.25,0.37,0.12,0.37,Matches
Ousmane Dembélé,"FW,MF",fr France,26,1997,5,4,361,4,0,0,0,0,0,0,1,0,0.5,0.5,1.2,1.7,32,14,46,0,0,0,0,0,0.15,0.32,0.47,0.15,0.47,Matches
Merih Demiral,DF,tr Türkiye,25,1998,4,2,208,2.3,2,0,2,2,0,0,0,0,0.7,0.7,0,0.7,0,4,0,0.87,0,0.87,0.87,0.87,0.32,0.01,0.32,0.32,0.32,Matches
Giovanni Di Lorenzo,"DF,FW",it Italy,30,1993,4,4,360,4,0,0,0,0,0,0,0,0,0.2,0.2,0,0.2,4,23,9,0,0,0,0,0,0.04,0,0.04,0.04,0.04,Matches
Rúben Dias,DF,pt Portugal,26,1997,4,4,420,4.7,0,0,0,0,0,0,0,0,0.1,0.1,0.1,0.2,6,22,4,0,0,0,0,0,0.02,0.02,0.04,0.02,0.04,Matches
Federico Dimarco,"DF,FW",it Italy,26,1997,3,3,228,2.5,0,0,0,0,0,0,0,0,0,0,0.3,0.3,6,5,13,0,0,0,0,0,0.02,0.1,0.12,0.02,0.12,Matches
Berat Djimsiti,DF,al Albania,30,1993,3,3,270,3,0,0,0,0,0,0,0,0,0.1,0.1,0,0.1,1,6,0,0,0,0,0,0,0.03,0,0.04,0.03,0.04,Matches
Jeremy Doku,"FW,MF",be Belgium,21,2002,4,4,320,3.6,0,0,0,0,0,0,0,0,0.2,0.2,0.6,0.8,30,10,31,0,0,0,0,0,0.06,0.17,0.23,0.06,0.23,Matches
Kasper Dolberg,FW,dk Denmark,26,1997,2,0,40,0.4,0,0,0,0,0,0,0,0,0,0,0,0,0,0,3,0,0,0,0,0,0,0,0,0,0,Matches
Gianluigi Donnarumma,GK,it Italy,24,1999,4,4,360,4,0,0,0,0,0,0,1,0,0,0,0,0,0,0,0,0,0,0,0,0,0,0,0,0,0,Matches
David Doudera,FW,cz Czechia,25,1998,1,1,90,1,0,0,0,0,0,0,0,0,0,0,0,0,3,2,1,0,0,0,0,0,0,0,0,0,0,Matches
Artem Dovbyk,FW,ua Ukraine,26,1997,3,3,246,2.7,0,0,0,0,0,0,1,0,0.6,0.6,0.6,1.2,2,2,12,0,0,0,0,0,0.23,0.2,0.44,0.23,0.44,Matches
Denis Drăguș,FW,ro Romania,24,1999,4,4,291,3.2,1,0,1,1,0,0,0,0,1.1,1.1,0.1,1.1,2,3,13,0.31,0,0.31,0.31,0.31,0.33,0.02,0.35,0.33,0.35,Matches
Radu Drăgușin,DF,ro Romania,21,2002,4,4,360,4,0,0,0,0,0,0,0,0,0.2,0.2,0,0.2,0,3,1,0,0,0,0,0,0.06,0,0.06,0.06,0.06,Matches
Vanja Drkušič,DF,si Slovenia,24,1999,4,4,390,4.3,0,0,0,0,0,0,1,0,0,0,0.1,0.1,0,3,1,0,0,0,0,0,0,0.03,0.03,0,0.03,Matches
Kwadwo Duah,FW,ch Switzerland,26,1997,3,1,107,1.2,1,0,1,1,0,0,0,0,0.7,0.7,0,0.7,1,1,5,0.84,0,0.84,0.84,0.84,0.6,0,0.6,0.6,0.6,Matches
Martin Dúbravka,GK,sk Slovakia,35,1989,4,4,390,4.3,0,0,0,0,0,0,0,0,0,0,0,0,0,0,0,0,0,0,0,0,0,0,0,0,0,Matches
Ondrej Duda,MF,sk Slovakia,29,1994,4,4,317,3.5,1,0,1,1,0,0,1,0,0.3,0.3,0.1,0.4,2,9,9,0.28,0,0.28,0.28,0.28,0.08,0.04,0.12,0.08,0.12,Matches
Denzel Dumfries,DF,nl Netherlands,27,1996,5,5,449,5,0,0,0,0,0,0,2,0,0.3,0.3,0.7,0.9,7,19,42,0,0,0,0,0,0.05,0.14,0.19,0.05,0.19,Matches
Dávid Ďuriš,"FW,MF",sk Slovakia,24,1999,2,0,23,0.3,0,0,0,0,0,0,0,0,0,0,0,0,0,1,0,0,0,0,0,0,0,0,0,0,0,Matches
Lasha Dvali,DF,ge Georgia,28,1995,4,4,360,4,0,0,0,0,0,0,0,0,0,0,0,0,2,8,0,0,0,0,0,0,0,0,0,0,0,Matches
Timi Elšnik,MF,si Slovenia,25,1998,4,4,359,4,0,1,1,0,0,0,0,0,0.3,0.3,0.5,0.9,12,11,3,0,0.25,0.25,0,0.25,0.08,0.14,0.22,0.08,0.22,Matches
Breel Embolo,FW,ch Switzerland,26,1997,5,3,296,3.3,2,0,2,2,0,0,0,0,2.1,2.1,0.2,2.3,4,6,13,0.61,0,0.61,0.61,0.61,0.65,0.05,0.7,0.65,0.7,Matches
Christian Eriksen,"MF,FW",dk Denmark,31,1992,4,4,348,3.9,1,0,1,1,0,0,0,0,1.3,1.3,0.8,2.1,5,17,14,0.26,0,0.26,0.26,0.26,0.33,0.21,0.55,0.33,0.55,Matches
Eberechi Eze,"DF,MF",eng England,25,1998,3,0,102,1.1,0,0,0,0,0,0,0,0,0.1,0.1,0,0.1,6,1,7,0,0,0,0,0,0.16,0,0.16,0.16,0.16,Matches
Wout Faes,DF,be Belgium,25,1998,4,4,360,4,0,0,0,0,0,0,1,0,0,0,0,0,3,9,0,0,0,0,0,0,0,0,0,0,0,Matches
Nicolò Fagioli,MF,it Italy,22,2001,2,1,95,1.1,0,0,0,0,0,0,1,0,0,0,0,0,3,6,0,0,0,0,0,0,0.02,0.02,0.03,0.02,0.03,Matches
João Félix,"MF,FW",pt Portugal,24,1999,2,1,105,1.2,0,0,0,0,0,0,0,0,0.1,0.1,0.4,0.5,2,6,15,0,0,0,0,0,0.14,0.35,0.49,0.14,0.49,Matches
Bruno Fernandes,MF,pt Portugal,29,1994,4,4,374,4.2,1,0,1,1,0,0,0,0,1.2,1.2,0.8,2,17,39,33,0.24,0,0.24,0.24,0.24,0.32,0.21,0.53,0.32,0.53,Matches
Attila Fiola,DF,hu Hungary,33,1990,2,2,180,2,0,0,0,0,0,0,0,0,0,0,0,0,2,3,3,0,0,0,0,0,0,0.02,0.02,0,0.02,Matches
Phil Foden,"FW,MF",eng England,23,2000,7,7,617,6.9,0,0,0,0,0,0,1,0,0.5,0.5,0.5,1.1,7,22,44,0,0,0,0,0,0.08,0.08,0.16,0.08,0.16,Matches
Youssouf Fofana,MF,fr France,25,1999,3,0,41,0.5,0,0,0,0,0,0,0,0,0,0,0,0,1,2,1,0,0,0,0,0,0.21,0,0.21,0.21,0.21,Matches
Michael Folorunsho,FW,it Italy,25,1998,1,0,1,0,0,0,0,0,0,0,0,0,0,0,0,0,0,0,0,0,0,0,0,0,0,0,0,0,0,Matches
Przemysław Frankowski,DF,pl Poland,28,1995,3,3,270,3,0,0,0,0,0,0,0,0,0,0,0.4,0.4,6,11,9,0,0,0,0,0,0,0.15,0.15,0,0.15,Matches
Davide Frattesi,MF,it Italy,24,1999,4,2,185,2.1,0,0,0,0,0,0,0,0,0.3,0.3,0,0.3,2,4,13,0,0,0,0,0,0.12,0,0.12,0.12,0.12,Matches
Remo Freuler,MF,ch Switzerland,31,1992,5,5,456,5.1,1,2,3,1,0,0,1,0,0.3,0.3,0.6,0.9,7,22,17,0.2,0.39,0.59,0.2,0.59,0.05,0.12,0.18,0.05,0.18,Matches
Jeremie Frimpong,FW,nl Netherlands,23,2000,3,1,86,1,0,0,0,0,0,0,0,0,0.1,0.1,0.1,0.1,3,2,10,0,0,0,0,0,0.06,0.05,0.12,0.06,0.12,Matches
Chris Führich,FW,de Germany,26,1998,1,0,19,0.2,0,0,0,0,0,0,0,0,0,0,0,0,3,2,3,0,0,0,0,0,0.17,0,0.17,0.17,0.17,Matches
Niclas Füllkrug,FW,de Germany,30,1993,5,0,166,1.8,2,0,2,2,0,0,0,0,1,1,0.6,1.6,2,4,12,1.08,0,1.08,1.08,1.08,0.69,0.4,1.09,0.69,1.09,Matches
Mijat Gaćinović,DF,rs Serbia,28,1995,1,0,45,0.5,0,0,0,0,0,0,1,0,0.1,0.1,0,0.1,0,0,4,0,0,0,0,0,0.13,0,0.13,0.13,0.13,Matches
Cody Gakpo,FW,nl Netherlands,24,1999,6,6,523,5.8,3,1,4,3,0,0,0,0,1.1,1.1,2,3,22,11,55,0.52,0.17,0.69,0.52,0.69,0.18,0.34,0.52,0.18,0.52,Matches
Conor Gallagher,MF,eng England,23,2000,5,1,120,1.3,0,0,0,0,0,0,1,0,0,0,0,0,0,1,1,0,0,0,0,0,0,0,0,0,0,Matches
Dániel Gazdag,MF,hu Hungary,27,1996,1,0,4,0,0,0,0,0,0,0,0,0,0,0,0,0,0,0,0,0,0,0,0,0,0,0,0,0,0,Matches
Lutsharel Geertruida,DF,nl Netherlands,23,2000,2,1,108,1.2,0,0,0,0,0,0,0,0,0,0,0.1,0.1,1,5,0,0,0,0,0,0,0,0.05,0.05,0,0.05,Matches
Billy Gilmour,MF,sct Scotland,22,2001,3,2,184,2,0,0,0,0,0,0,0,0,0,0,0,0,3,7,3,0,0,0,0,0,0.02,0,0.02,0.02,0.02,Matches
Olivier Giroud,FW,fr France,37,1986,4,0,59,0.7,0,0,0,0,0,0,0,0,0.2,0.2,0,0.2,0,0,5,0,0,0,0,0,0.23,0.06,0.29,0.23,0.29,Matches
Klaus Gjasula,MF,al Albania,34,1989,1,0,19,0.2,1,0,1,1,0,0,1,0,0.3,0.3,0,0.3,0,3,0,4.74,0,4.74,4.74,4.74,1.48,0,1.48,1.48,1.48,Matches
Adam Gnezda Čerin,MF,si Slovenia,24,1999,4,4,390,4.3,0,0,0,0,0,0,0,0,0.3,0.3,0,0.3,4,11,5,0,0,0,0,0,0.06,0.01,0.07,0.06,0.07,Matches
Anthony Gordon,FW,eng England,22,2001,1,0,2,0,0,0,0,0,0,0,0,0,0,0,0,0,0,1,1,0,0,0,0,0,0,0.84,0.84,0,0.84,Matches
Jon Gorenc Stanković,MF,si Slovenia,28,1996,4,0,94,1,0,0,0,0,0,0,1,0,0,0,0,0,0,5,1,0,0,0,0,0,0.05,0,0.05,0.05,0.05,Matches
Michael Gregoritsch,FW,at Austria,29,1994,4,1,126,1.4,1,0,1,1,0,0,0,0,0.9,0.9,0,0.9,0,3,9,0.71,0,0.71,0.71,0.71,0.68,0,0.68,0.68,0.68,Matches
Antoine Griezmann,"MF,FW",fr France,32,1991,6,4,394,4.4,0,0,0,0,0,0,1,0,2,2,0.3,2.3,7,24,23,0,0,0,0,0,0.45,0.08,0.53,0.45,0.53,Matches
Florian Grillitsch,MF,at Austria,28,1995,4,3,194,2.2,0,1,1,0,0,0,0,0,0.2,0.2,0.1,0.3,5,22,3,0,0.46,0.46,0,0.46,0.09,0.06,0.15,0.09,0.15,Matches
Álex Grimaldo,DF,es Spain,28,1995,2,1,115,1.3,0,0,0,0,0,0,0,0,0,0,0.6,0.6,4,6,13,0,0,0,0,0,0,0.47,0.47,0,0.47,Matches
Pascal Groß,MF,de Germany,32,1991,1,0,45,0.5,0,0,0,0,0,0,0,0,0,0,0,0,0,5,2,0,0,0,0,0,0.07,0,0.07,0.07,0.07,Matches
Kamil Grosicki,MF,pl Poland,35,1988,1,0,16,0.2,0,0,0,0,0,0,0,0,0.3,0.3,0,0.3,0,0,1,0,0,0,0,0,1.61,0,1.61,1.61,1.61,Matches
Nemanja Gudelj,MF,rs Serbia,32,1991,2,2,90,1,0,0,0,0,0,0,1,0,0,0,0,0,0,7,0,0,0,0,0,0,0,0,0,0,0,Matches
Marc Guéhi,DF,eng England,23,2000,6,6,570,6.3,0,1,1,0,0,0,2,0,0.2,0.2,0.1,0.3,3,18,1,0,0.16,0.16,0,0.16,0.03,0.02,0.05,0.03,0.05,Matches
Péter Gulácsi,GK,hu Hungary,33,1990,3,3,270,3,0,0,0,0,0,0,0,0,0,0,0,0,0,0,0,0,0,0,0,0,0,0,0,0,0,Matches
Arda Güler,"FW,MF",tr Türkiye,18,2005,5,4,340,3.8,1,2,3,1,0,0,1,0,0.3,0.3,1.4,1.6,9,20,18,0.26,0.53,0.79,0.26,0.79,0.07,0.36,0.43,0.07,0.43,Matches
İlkay Gündoğan,MF,de Germany,33,1990,5,5,383,4.3,1,1,2,1,0,0,0,0,0.8,0.8,0.2,1,4,21,26,0.23,0.23,0.47,0.23,0.47,0.18,0.05,0.23,0.18,0.23,Matches
Angus Gunn,GK,sct Scotland,28,1996,3,3,270,3,0,0,0,0,0,0,0,0,0,0,0,0,0,0,0,0,0,0,0,0,0,0,0,0,0,Matches
Mert Günok,GK,tr Türkiye,34,1989,4,4,360,4,0,0,0,0,0,0,1,0,0,0,0,0,0,0,0,0,0,0,0,0,0,0,0,0,0,Matches
Joško Gvardiol,DF,hr Croatia,22,2002,3,3,270,3,0,0,0,0,0,0,0,0,0.1,0.1,0,0.1,3,15,8,0,0,0,0,0,0.03,0,0.03,0.03,0.03,Matches
Giorgi Gwelesiani,DF,ge Georgia,32,1991,3,2,162,1.8,0,0,0,0,0,0,1,0,0,0,0,0,1,1,0,0,0,0,0,0,0,0,0,0,0,Matches
Norbert Gyömbér,DF,sk Slovakia,31,1992,2,0,32,0.4,0,0,0,0,0,0,1,0,0,0,0.1,0.1,4,4,0,0,0,0,0,0,0,4.13,4.13,0,4.13,Matches
Ianis Hagi,MF,ro Romania,25,1998,4,2,188,2.1,0,0,0,0,0,0,0,0,0.1,0.1,0.1,0.2,4,3,5,0,0,0,0,0,0.06,0.04,0.1,0.06,0.1,Matches
Dávid Hancko,DF,sk Slovakia,26,1997,4,4,366,4.1,0,0,0,0,0,0,0,0,0.2,0.2,0,0.3,6,20,14,0,0,0,0,0,0.07,0.01,0.07,0.07,0.07,Matches
Grant Hanley,DF,sct Scotland,32,1991,3,2,225,2.5,0,0,0,0,0,0,0,0,0.2,0.2,0.1,0.3,0,4,0,0,0,0,0,0,0.09,0.03,0.12,0.09,0.12,Matches
Lukáš Haraslín,FW,sk Slovakia,27,1996,4,4,264,2.9,0,1,1,0,0,0,0,0,0.5,0.5,0.6,1.1,13,2,20,0,0.34,0.34,0,0.34,0.16,0.2,0.36,0.16,0.36,Matches
Kai Havertz,"FW,MF",de Germany,24,1999,5,5,389,4.3,2,1,3,0,2,2,0,0,4.1,2.5,0.3,2.8,12,11,38,0.46,0.23,0.69,0,0.23,0.95,0.06,1.01,0.59,0.65,Matches
Jack Hendry,DF,sct Scotland,28,1995,3,3,261,2.9,0,0,0,0,0,0,0,0,0,0,0,0,1,6,2,0,0,0,0,0,0.01,0,0.01,0.01,0.01,Matches
Benjamin Henrichs,DF,de Germany,26,1997,1,0,10,0.1,0,0,0,0,0,0,0,0,0,0,0,0,1,2,1,0,0,0,0,0,0.17,0,0.17,0.17,0.17,Matches
Theo Hernández,DF,fr France,26,1997,6,6,570,6.3,0,0,0,0,0,0,0,0,0.4,0.4,1,1.4,22,38,63,0,0,0,0,0,0.06,0.17,0.24,0.06,0.24,Matches
Morten Hjulmand,MF,dk Denmark,24,1999,3,3,245,2.7,1,0,1,1,0,0,2,0,0.1,0.1,0.1,0.2,1,18,7,0.37,0,0.37,0.37,0.37,0.05,0.02,0.07,0.05,0.07,Matches
Adam Hložek,MF,cz Czechia,21,2002,2,2,108,1.2,0,0,0,0,0,0,0,0,0.5,0.5,0,0.5,1,1,3,0,0,0,0,0,0.46,0,0.46,0.46,0.46,Matches
Tomáš Holeš,DF,cz Czechia,30,1993,3,3,269,3,0,0,0,0,0,0,1,0,0,0,0,0.1,1,8,0,0,0,0,0,0,0.01,0.02,0.02,0.01,0.02,Matches
Arbër Hoxha,"FW,MF",al Albania,25,1998,3,0,50,0.6,0,0,0,0,0,0,1,0,0.1,0.1,0,0.1,7,1,3,0,0,0,0,0,0.17,0.08,0.25,0.17,0.25,Matches
Robin Hranáč,DF,cz Czechia,24,2000,3,3,270,3,0,1,1,0,0,0,0,0,0.3,0.3,0.5,0.8,1,8,1,0,0.33,0.33,0,0.33,0.11,0.16,0.27,0.11,0.27,Matches
Elseid Hysaj,DF,al Albania,29,1994,2,2,180,2,0,0,0,0,0,0,1,0,0.1,0.1,0.1,0.2,0,5,2,0,0,0,0,0,0.04,0.07,0.11,0.04,0.11,Matches
Pierre Højbjerg,MF,dk Denmark,28,1995,4,4,353,3.9,0,0,0,0,0,0,0,0,0.2,0.2,0.3,0.5,7,33,13,0,0,0,0,0,0.05,0.06,0.12,0.05,0.12,Matches
Rasmus Højlund,FW,dk Denmark,20,2003,4,4,286,3.2,0,0,0,0,0,0,0,0,0.7,0.7,0.1,0.8,6,3,28,0,0,0,0,0,0.21,0.04,0.25,0.21,0.25,Matches
Ivan Ilić,MF,rs Serbia,22,2001,3,2,201,2.2,0,1,1,0,0,0,0,0,0,0,0.3,0.4,3,13,6,0,0.45,0.45,0,0.45,0.02,0.15,0.17,0.02,0.17,Matches
Josip Iličić,"FW,MF",si Slovenia,36,1988,2,0,31,0.3,0,0,0,0,0,0,0,0,0,0,0,0,0,0,0,0,0,0,0,0,0.25,0,0.25,0.25,0.25,Matches
Gonçalo Inácio,DF,pt Portugal,22,2001,2,1,118,1.3,0,0,0,0,0,0,0,0,0.1,0.1,0,0.1,9,25,2,0,0,0,0,0,0.07,0,0.07,0.07,0.07,Matches
Luka Ivanušec,MF,hr Croatia,25,1998,1,0,21,0.2,0,0,0,0,0,0,1,0,0,0,0,0,0,0,0,0,0,0,0,0,0,0,0,0,0,Matches
Erik Janža,DF,si Slovenia,30,1993,3,3,269,3,1,0,1,1,0,0,2,0,0,0,0.6,0.6,3,11,5,0.33,0,0.33,0.33,0.33,0.01,0.19,0.21,0.01,0.21,Matches
Jorginho,MF,it Italy,32,1991,3,3,215,2.4,0,0,0,0,0,0,0,0,0,0,0,0,1,18,4,0,0,0,0,0,0,0.01,0.01,0,0.01,Matches
Joselu,FW,es Spain,33,1990,2,1,90,1,0,0,0,0,0,0,0,0,0.2,0.2,0,0.2,1,0,1,0,0,0,0,0,0.24,0,0.24,0.24,0.24,Matches
Diogo Jota,"FW,MF",pt Portugal,27,1996,3,0,100,1.1,0,0,0,0,0,0,0,0,0.7,0.7,0.3,1,6,2,13,0,0,0,0,0,0.86,0.4,1.26,0.86,1.26,Matches
Luka Jović,"MF,FW",rs Serbia,26,1997,3,0,102,1.1,1,0,1,1,0,0,1,0,0.2,0.2,0,0.2,1,1,3,0.88,0,0.88,0.88,0.88,0.17,0.04,0.2,0.17,0.2,Matches
Josip Juranović,DF,hr Croatia,28,1995,2,1,91,1,0,0,0,0,0,0,0,0,0,0,0.2,0.2,1,3,10,0,0,0,0,0,0,0.15,0.15,0,0.15,Matches
David Jurásek,DF,cz Czechia,23,2000,2,2,160,1.8,0,0,0,0,0,0,1,0,0.3,0.3,0.4,0.6,0,2,16,0,0,0,0,0,0.15,0.21,0.36,0.15,0.36,Matches
Matěj Jurásek,"DF,MF",cz Czechia,20,2003,2,0,46,0.5,0,0,0,0,0,0,0,0,0.1,0.1,0,0.1,6,2,13,0,0,0,0,0,0.17,0.08,0.25,0.17,0.25,Matches
Ferdi Kadioglu,"DF,MF",tr Türkiye,24,1999,5,5,450,5,0,0,0,0,0,0,0,0,0.1,0.1,0.9,0.9,22,24,21,0,0,0,0,0,0.01,0.17,0.19,0.01,0.19,Matches
İrfan Kahveci,FW,tr Türkiye,28,1995,1,0,8,0.1,0,0,0,0,0,0,0,0,0,0,0,0,0,0,0,0,0,0,0,0,0,0,0,0,0,Matches
Otar Kakabadze,"DF,MF",ge Georgia,28,1995,4,4,360,4,0,0,0,0,0,0,0,0,0,0,0.6,0.6,3,12,9,0,0,0,0,0,0,0.15,0.16,0,0.16,Matches
Harry Kane,FW,eng England,30,1993,7,7,601,6.7,3,0,3,2,1,1,2,0,2.8,2.1,0.3,2.3,3,18,18,0.45,0,0.45,0.3,0.3,0.42,0.04,0.46,0.31,0.35,Matches
N'Golo Kanté,MF,fr France,32,1991,6,6,511,5.7,0,0,0,0,0,0,0,0,0.1,0.1,1.4,1.5,16,44,19,0,0,0,0,0,0.03,0.26,0.29,0.03,0.29,Matches
Žan Karničnik,DF,si Slovenia,29,1994,4,4,390,4.3,1,0,1,1,0,0,1,0,0.5,0.5,0,0.5,8,7,10,0.23,0,0.23,0.23,0.23,0.13,0,0.13,0.13,0.13,Matches
Guram Kashia,DF,ge Georgia,36,1987,4,4,360,4,0,0,0,0,0,0,1,0,0,0,0,0,0,2,0,0,0,0,0,0,0,0,0,0,0,Matches
Milos Kerkez,DF,hu Hungary,20,2003,3,3,237,2.6,0,0,0,0,0,0,0,0,0,0,0.1,0.1,9,5,9,0,0,0,0,0,0,0.02,0.02,0,0.02,Matches
Semih Kılıçsoy,FW,tr Türkiye,18,2005,1,0,2,0,0,0,0,0,0,0,0,0,0.2,0.2,0,0.2,0,0,1,0,0,0,0,0,9.23,0,9.23,9.23,9.23,Matches
Joshua Kimmich,DF,de Germany,28,1995,5,5,480,5.3,0,2,2,0,0,0,0,0,0.4,0.4,1.4,1.8,14,39,52,0,0.37,0.37,0,0.37,0.08,0.27,0.35,0.08,0.35,Matches
Otar Kiteishvili,MF,ge Georgia,27,1996,2,2,130,1.4,0,0,0,0,0,0,0,0,0,0,0,0,1,2,0,0,0,0,0,0,0,0.03,0.03,0,0.03,Matches
Jakub Kiwior,DF,pl Poland,23,2000,3,3,270,3,0,0,0,0,0,0,0,0,0.1,0.1,0.2,0.4,2,4,5,0,0,0,0,0,0.05,0.07,0.12,0.05,0.12,Matches
László Kleinheisler,MF,hu Hungary,29,1994,2,0,51,0.6,0,0,0,0,0,0,1,0,0,0,0,0,0,2,1,0,0,0,0,0,0,0,0,0,0,Matches
Giorgi Kochorashvili,MF,ge Georgia,24,1999,4,4,360,4,0,1,1,0,0,0,1,0,0.3,0.3,0.4,0.7,4,18,4,0,0.25,0.25,0,0.25,0.08,0.09,0.17,0.08,0.17,Matches
Orkun Kökçü,MF,tr Türkiye,23,2000,4,3,221,2.5,0,2,2,0,0,0,2,0,1,1,1.1,2.1,7,11,10,0,0.81,0.81,0,0.81,0.4,0.47,0.87,0.4,0.87,Matches
Randal Kolo Muani,FW,fr France,25,1998,5,2,201,2.2,1,0,1,1,0,0,0,0,0.8,0.8,0,0.8,4,2,13,0.45,0,0.45,0.45,0.45,0.34,0.01,0.35,0.34,0.35,Matches
Yukhym Konoplia,DF,ua Ukraine,24,1999,1,1,71,0.8,0,0,0,0,0,0,1,0,0,0,0,0,3,3,10,0,0,0,0,0,0,0,0,0,0,Matches
Ezri Konsa,DF,eng England,26,1997,3,1,93,1,0,0,0,0,0,0,0,0,0,0,0,0,0,2,0,0,0,0,0,0,0,0,0,0,0,Matches
Filip Kostić,DF,rs Serbia,31,1992,1,1,42,0.5,0,0,0,0,0,0,0,0,0,0,0,0,0,0,3,0,0,0,0,0,0,0,0,0,0,Matches
Jules Koundé,DF,fr France,25,1998,6,6,570,6.3,0,0,0,0,0,0,0,0,0.2,0.2,0.9,1,14,36,41,0,0,0,0,0,0.03,0.15,0.17,0.03,0.17,Matches
Mateo Kovačić,MF,hr Croatia,29,1994,3,3,223,2.5,0,0,0,0,0,0,0,0,0.5,0.5,0.1,0.6,12,11,4,0,0,0,0,0,0.21,0.06,0.26,0.21,0.26,Matches
Matej Kovar,GK,cz Czechia,23,2000,1,0,36,0.4,0,0,0,0,0,0,0,0,0,0,0,0,0,0,0,0,0,0,0,0,0,0,0,0,0,Matches
Andrej Kramarić,FW,hr Croatia,32,1991,3,3,243,2.7,1,0,1,1,0,0,0,0,0.7,0.7,0.2,0.9,5,7,32,0.37,0,0.37,0.37,0.37,0.28,0.07,0.35,0.28,0.35,Matches
Ladislav Krejčí,DF,cz Czechia,24,1999,3,3,270,3,0,0,0,0,0,0,1,0,0.3,0.3,0,0.4,6,19,0,0,0,0,0,0,0.11,0.01,0.13,0.11,0.13,Matches
Toni Kroos,MF,de Germany,34,1990,5,5,469,5.2,0,0,0,0,0,0,1,0,0.2,0.2,0.8,1,2,67,7,0,0,0,0,0,0.03,0.16,0.2,0.03,0.2,Matches
Jan Kuchta,FW,cz Czechia,27,1997,2,1,95,1.1,0,0,0,0,0,0,0,0,0,0,0,0,0,3,2,0,0,0,0,0,0,0,0,0,0,Matches
Juraj Kucka,MF,sk Slovakia,36,1987,4,4,350,3.9,0,1,1,0,0,0,1,0,0.4,0.4,0.5,0.9,3,6,10,0,0.26,0.26,0,0.26,0.11,0.12,0.23,0.11,0.23,Matches
Jasmin Kurtić,FW,si Slovenia,35,1989,1,0,1,0,0,0,0,0,0,0,0,0,0,0,0,0,0,0,0,0,0,0,0,0,0,0,0,0,0,Matches
Khvicha Kvaratskhelia,FW,ge Georgia,22,2001,4,4,342,3.8,1,0,1,1,0,0,0,0,1,1,0.6,1.6,16,10,19,0.26,0,0.26,0.26,0.26,0.26,0.16,0.42,0.26,0.42,Matches
Nika Kvekveskiri,MF,ge Georgia,31,1992,1,0,12,0.1,0,0,0,0,0,0,0,0,0,0,0,0,0,0,1,0,0,0,0,0,0,0,0,0,0,Matches
Giorgi Kvilitaia,FW,ge Georgia,30,1993,1,0,3,0,0,0,0,0,0,0,0,0,0,0,0,0,0,0,0,0,0,0,0,0,0,0,0,0,0,Matches
Saba Kvirkvelia,DF,ge Georgia,31,1992,3,2,180,2,0,0,0,0,0,0,1,0,0,0,0,0,0,5,1,0,0,0,0,0,0,0,0,0,0,Matches
Qazim Laçi,"MF,FW",al Albania,28,1996,3,2,163,1.8,1,0,1,1,0,0,0,0,0.3,0.3,0.1,0.4,2,4,9,0.55,0,0.55,0.55,0.55,0.18,0.04,0.22,0.18,0.22,Matches
Konrad Laimer,"MF,FW",at Austria,26,1997,4,3,270,3,0,0,0,0,0,0,1,0,0.5,0.5,0,0.6,7,17,10,0,0,0,0,0,0.18,0.01,0.18,0.18,0.18,Matches
Ádám Lang,DF,hu Hungary,31,1993,1,1,45,0.5,0,0,0,0,0,0,0,0,0,0,0,0,0,2,0,0,0,0,0,0,0,0,0,0,0,Matches
Aymeric Laporte,DF,es Spain,29,1994,6,6,525,5.8,0,0,0,0,0,0,0,0,0.2,0.2,0.1,0.3,13,46,1,0,0,0,0,0,0.04,0.02,0.06,0.04,0.06,Matches
Robin Le Normand,DF,es Spain,27,1996,6,5,442,4.9,0,0,0,0,0,0,2,0,0.3,0.3,0,0.4,3,19,1,0,0,0,0,0,0.07,0.01,0.08,0.07,0.08,Matches
Rafael Leão,FW,pt Portugal,24,1999,4,4,287,3.2,0,0,0,0,0,0,2,0,0.2,0.2,0.5,0.7,28,13,32,0,0,0,0,0,0.06,0.15,0.21,0.06,0.21,Matches
Robert Lewandowski,FW,pl Poland,35,1988,2,1,121,1.3,1,0,1,0,1,1,1,0,1,0.2,0.1,0.2,0,2,5,0.74,0,0.74,0,0,0.71,0.05,0.76,0.12,0.17,Matches
Philipp Lienhart,DF,at Austria,27,1996,3,3,214,2.4,0,0,0,0,0,0,1,0,0.3,0.3,0,0.3,2,8,0,0,0,0,0,0,0.11,0,0.11,0.11,0.11,Matches
Ondřej Lingr,"MF,FW",cz Czechia,25,1998,3,0,83,0.9,0,0,0,0,0,0,0,0,0.5,0.5,0,0.5,1,2,6,0,0,0,0,0,0.51,0,0.51,0.51,0.51,Matches
Dominik Livaković,GK,hr Croatia,29,1995,3,3,270,3,0,0,0,0,0,0,0,0,0,0,0,0,0,0,0,0,0,0,0,0,0,0,0,0,0,Matches
Stanislav Lobotka,MF,sk Slovakia,29,1994,4,4,390,4.3,0,0,0,0,0,0,0,0,0,0,0.1,0.1,8,17,1,0,0,0,0,0,0.01,0.03,0.03,0.01,0.03,Matches
Saba Lobzhanidze,FW,ge Georgia,29,1994,1,0,9,0.1,0,0,0,0,0,0,0,0,0.2,0.2,0,0.2,1,0,2,0,0,0,0,0,1.82,0,1.82,1.82,1.82,Matches
Luka Lochoshvili,"DF,MF",ge Georgia,25,1998,4,2,170,1.9,0,0,0,0,0,0,0,0,0.1,0.1,0,0.1,1,1,2,0,0,0,0,0,0.03,0,0.03,0.03,0.03,Matches
Fermin López,MF,es Spain,20,2003,1,0,29,0.3,0,0,0,0,0,0,0,0,0.1,0.1,0,0.1,0,1,1,0,0,0,0,0,0.17,0,0.17,0.17,0.17,Matches
Romelu Lukaku,FW,be Belgium,30,1993,4,4,359,4,0,1,1,0,0,0,0,0,1.7,1.7,0.2,1.9,6,3,19,0,0.25,0.25,0,0.25,0.42,0.06,0.48,0.42,0.48,Matches
Dodi Lukebakio,"FW,DF",be Belgium,26,1997,3,1,65,0.7,0,0,0,0,0,0,2,0,0.2,0.2,0.1,0.4,3,1,13,0,0,0,0,0,0.33,0.19,0.52,0.33,0.52,Matches
Saša Lukić,MF,rs Serbia,27,1996,3,3,209,2.3,0,0,0,0,0,0,1,0,0.1,0.1,0,0.1,5,5,7,0,0,0,0,0,0.04,0,0.04,0.04,0.04,Matches
Andriy Lunin,GK,ua Ukraine,24,1999,1,1,90,1,0,0,0,0,0,0,0,0,0,0,0,0,0,0,0,0,0,0,0,0,0,0,0,0,0,Matches
Mike Maignan,GK,fr France,28,1995,6,6,570,6.3,0,0,0,0,0,0,0,0,0,0,0,0,0,0,0,0,0,0,0,0,0,0,0,0,0,Matches
Kobbie Mainoo,MF,eng England,18,2005,6,4,368,4.1,0,0,0,0,0,0,1,0,0.3,0.3,0,0.3,6,13,13,0,0,0,0,0,0.07,0.01,0.08,0.07,0.08,Matches
Lovro Majer,"FW,MF",hr Croatia,26,1998,3,2,146,1.6,0,0,0,0,0,0,0,0,0.2,0.2,0.3,0.5,4,11,10,0,0,0,0,0,0.11,0.2,0.31,0.11,0.31,Matches
Donyell Malen,FW,nl Netherlands,25,1999,4,2,190,2.1,2,0,2,2,0,0,1,0,1.9,1.9,0.2,2.1,12,7,24,0.95,0,0.95,0.95,0.95,0.89,0.11,1,0.89,1,Matches
Ruslan Malinovskyi,MF,ua Ukraine,30,1993,3,0,35,0.4,0,0,0,0,0,0,0,0,0.1,0.1,0.3,0.3,1,4,0,0,0,0,0,0,0.19,0.71,0.9,0.19,0.9,Matches
Giorgi Mamardashvili,GK,ge Georgia,23,2000,4,4,360,4,0,0,0,0,0,0,0,0,0,0,0,0,0,0,0,0,0,0,0,0,0,0,0,0,0,Matches
Dennis Man,MF,ro Romania,25,1998,4,3,266,3,0,2,2,0,0,0,0,0,0.3,0.3,1,1.3,5,5,19,0,0.68,0.68,0,0.68,0.11,0.32,0.43,0.11,0.43,Matches
Rey Manaj,FW,al Albania,26,1997,3,2,156,1.7,0,0,0,0,0,0,0,0,0.4,0.4,0,0.4,0,0,4,0,0,0,0,0,0.21,0,0.21,0.21,0.21,Matches
Gianluca Mancini,DF,it Italy,27,1996,1,1,90,1,0,0,0,0,0,0,1,0,0,0,0,0,2,0,0,0,0,0,0,0,0,0,0,0,0,Matches
Orel Mangala,MF,be Belgium,25,1998,4,1,133,1.5,0,0,0,0,0,0,2,0,0,0,0.2,0.2,0,6,2,0,0,0,0,0,0,0.12,0.12,0,0.12,Matches
Marius Marin,MF,ro Romania,25,1998,4,4,302,3.4,0,0,0,0,0,0,2,0,0,0,0.2,0.2,0,6,2,0,0,0,0,0,0,0.06,0.06,0,0.06,Matches
Răzvan Marin,MF,ro Romania,27,1996,4,4,355,3.9,2,0,2,1,1,1,1,0,0.9,0.1,0.1,0.2,3,11,5,0.51,0,0.51,0.25,0.25,0.24,0.01,0.25,0.04,0.05,Matches
Ádám Martin,"FW,DF",hu Hungary,29,1994,3,0,45,0.5,0,0,0,0,0,0,0,0,0,0,0.1,0.1,0,0,2,0,0,0,0,0,0,0.18,0.18,0,0.18,Matches
Mykola Matviyenko,DF,ua Ukraine,27,1996,3,3,270,3,0,0,0,0,0,0,0,0,0,0,0.2,0.2,7,11,1,0,0,0,0,0,0,0.07,0.07,0,0.07,Matches
Kylian Mbappé,FW,fr France,25,1998,5,5,464,5.2,1,1,2,0,1,1,1,0,2.9,2.1,0.7,2.8,28,27,55,0.19,0.19,0.39,0,0.19,0.57,0.13,0.69,0.41,0.54,Matches
John McGinn,"MF,FW",sct Scotland,29,1994,3,3,230,2.6,0,0,0,0,0,0,1,0,0,0,0,0,2,4,9,0,0,0,0,0,0,0,0,0,0,Matches
Callum McGregor,MF,sct Scotland,30,1993,3,3,246,2.7,0,1,1,0,0,0,0,0,0.1,0.1,0.1,0.3,0,5,3,0,0.37,0.37,0,0.37,0.05,0.05,0.1,0.05,0.1,Matches
Scott McKenna,DF,sct Scotland,27,1996,3,1,134,1.5,0,0,0,0,0,0,1,0,0,0,0,0,0,1,3,0,0,0,0,0,0.02,0,0.02,0.02,0.02,Matches
Kenny McLean,MF,sct Scotland,32,1992,3,0,44,0.5,0,0,0,0,0,0,0,0,0,0,0,0,0,2,1,0,0,0,0,0,0.03,0,0.03,0.03,0.03,Matches
Scott McTominay,MF,sct Scotland,27,1996,3,3,270,3,1,0,1,1,0,0,2,0,0.3,0.3,0.1,0.4,2,4,4,0.33,0,0.33,0.33,0.33,0.1,0.04,0.14,0.1,0.14,Matches
Anzor Mekvabishvili,MF,ge Georgia,22,2001,3,2,188,2.1,0,0,0,0,0,0,2,0,0.1,0.1,0,0.1,2,8,4,0,0,0,0,0,0.06,0,0.06,0.06,0.06,Matches
Memphis,"FW,MF",nl Netherlands,29,1994,6,6,457,5.1,1,1,2,1,0,0,0,0,2,2,1.2,3.1,6,13,30,0.2,0.2,0.39,0.2,0.39,0.39,0.23,0.62,0.39,0.62,Matches
Nuno Mendes,DF,pt Portugal,21,2002,4,4,419,4.7,0,0,0,0,0,0,0,0,0.2,0.2,0,0.2,11,31,25,0,0,0,0,0,0.05,0.01,0.06,0.05,0.06,Matches
Mikel Merino,"MF,FW",es Spain,27,1996,7,1,182,2,1,0,1,1,0,0,0,0,0.6,0.6,0.4,1,2,17,13,0.49,0,0.49,0.49,0.49,0.35,0.26,0.61,0.35,0.61,Matches
Valentin Mihaila,MF,ro Romania,23,2000,3,1,115,1.3,0,0,0,0,0,0,0,0,0.1,0.1,0,0.1,0,2,5,0,0,0,0,0,0.09,0,0.09,0.09,0.09,Matches
Srđan Mijailović,DF,rs Serbia,30,1993,1,1,72,0.8,0,0,0,0,0,0,0,0,0,0,0,0,1,0,2,0,0,0,0,0,0,0,0,0,0,Matches
Georges Mikautadze,FW,ge Georgia,23,2000,4,4,345,3.8,3,1,4,1,2,2,0,0,2.3,0.7,0.5,1.2,4,7,16,0.78,0.26,1.04,0.26,0.52,0.59,0.13,0.71,0.18,0.3,Matches
Nikola Milenković,DF,rs Serbia,26,1997,3,3,270,3,0,0,0,0,0,0,1,0,0,0,0,0,2,9,0,0,0,0,0,0,0,0.01,0.01,0,0.01,Matches
Sergej Milinković-Savić,MF,rs Serbia,28,1995,3,1,121,1.3,0,0,0,0,0,0,0,0,0.2,0.2,0.1,0.3,3,7,7,0,0,0,0,0,0.18,0.05,0.23,0.18,0.23,Matches
Mario Mitaj,DF,al Albania,20,2003,3,3,270,3,0,0,0,0,0,0,0,0,0,0,0,0,0,6,4,0,0,0,0,0,0.01,0,0.01,0.01,0.01,Matches
Aleksandar Mitrović,FW,rs Serbia,29,1994,3,3,240,2.7,0,0,0,0,0,0,1,0,1.2,1.2,0,1.2,0,2,10,0,0,0,0,0,0.44,0,0.44,0.44,0.44,Matches
Maximilian Mittelstädt,DF,de Germany,26,1997,4,3,304,3.4,0,1,1,0,0,0,2,0,0.1,0.1,0.4,0.6,8,10,39,0,0.3,0.3,0,0.3,0.04,0.14,0.18,0.04,0.18,Matches
Filip Mladenović,DF,rs Serbia,32,1991,3,1,111,1.2,0,0,0,0,0,0,1,0,0,0,0,0,2,2,9,0,0,0,0,0,0,0.01,0.01,0,0.01,Matches
Jan Mlakar,MF,si Slovenia,25,1998,4,4,295,3.3,0,0,0,0,0,0,0,0,0.1,0.1,0,0.1,4,6,5,0,0,0,0,0,0.04,0.01,0.04,0.04,0.04,Matches
Jakub Moder,MF,pl Poland,24,1999,3,1,180,2,0,0,0,0,0,0,1,0,0.6,0.6,0,0.6,2,8,4,0,0,0,0,0,0.32,0,0.32,0.32,0.32,Matches
Luka Modrić,MF,hr Croatia,38,1985,3,3,233,2.6,1,0,1,1,0,1,1,0,1,0.1,0.6,0.7,11,21,8,0.39,0,0.39,0.39,0.39,0.37,0.25,0.62,0.03,0.28,Matches
Vasile Mogos,DF,ro Romania,31,1992,1,1,37,0.4,0,0,0,0,0,0,0,0,0,0,0,0,0,1,1,0,0,0,0,0,0,0,0,0,0,Matches
Álvaro Morata,FW,es Spain,31,1992,7,6,449,5,1,1,2,1,0,0,2,0,1.5,1.5,0.5,2,4,6,27,0.2,0.2,0.4,0.2,0.4,0.3,0.1,0.39,0.3,0.39,Matches
Lewis Morgan,DF,sct Scotland,27,1996,1,0,2,0,0,0,0,0,0,0,0,0,0,0,0,0,1,0,1,0,0,0,0,0,1.79,0,1.79,1.79,1.79,Matches
Ernest Muçi,FW,al Albania,22,2001,2,0,14,0.2,0,0,0,0,0,0,0,0,0,0,0,0,0,0,1,0,0,0,0,0,0,0,0,0,0,Matches
Mykhailo Mudryk,"FW,MF",ua Ukraine,23,2001,2,2,174,1.9,0,0,0,0,0,0,0,0,0.4,0.4,0.4,0.9,11,7,16,0,0,0,0,0,0.23,0.22,0.44,0.23,0.44,Matches
Mert Müldür,"DF,MF",tr Türkiye,24,1999,4,4,345,3.8,1,0,1,1,0,0,1,0,0.6,0.6,0,0.6,11,12,13,0.26,0,0.26,0.26,0.26,0.14,0.01,0.15,0.14,0.15,Matches
Thomas Müller,"MF,FW",de Germany,34,1989,2,0,58,0.6,0,1,1,0,0,0,0,0,0.4,0.4,0.3,0.7,2,3,8,0,1.55,1.55,0,1.55,1.19,0.99,2.17,1.19,2.17,Matches
Jamal Musiala,FW,de Germany,20,2003,5,5,419,4.7,3,0,3,3,0,0,0,0,1,1,0.2,1.3,28,22,34,0.64,0,0.64,0.64,0.64,0.24,0.05,0.29,0.24,0.29,Matches
Phillipp Mwene,DF,at Austria,30,1994,3,3,194,2.2,0,1,1,0,0,0,1,0,0,0,0.1,0.1,6,7,18,0,0.46,0.46,0,0.46,0,0.05,0.05,0,0.05,Matches
Vitaliy Mykolenko,DF,ua Ukraine,24,1999,1,1,57,0.6,0,0,0,0,0,0,0,0,0,0,0.1,0.1,1,1,6,0,0,0,0,0,0,0.18,0.18,0,0.18,Matches
Joakim Mæhle,"DF,MF",dk Denmark,26,1997,4,3,283,3.1,0,0,0,0,0,0,2,0,0.1,0.1,0.4,0.5,12,10,21,0,0,0,0,0,0.04,0.12,0.16,0.04,0.16,Matches
Nacho,DF,es Spain,34,1990,4,2,263,2.9,0,0,0,0,0,0,0,0,0,0,0,0,1,6,1,0,0,0,0,0,0,0.01,0.01,0,0.01,Matches
Ádám Nagy,MF,hu Hungary,28,1995,3,2,159,1.8,0,0,0,0,0,0,0,0,0,0,0,0,0,8,0,0,0,0,0,0,0.01,0,0.01,0.01,0.01,Matches
Zsolt Nagy,DF,hu Hungary,30,1993,2,0,21,0.2,0,0,0,0,0,0,0,0,0,0,0,0,0,1,2,0,0,0,0,0,0,0,0,0,0,Matches
Jesús Navas,DF,es Spain,38,1985,3,2,157,1.7,0,0,0,0,0,0,1,0,0,0,0.2,0.2,6,0,11,0,0,0,0,0,0,0.12,0.12,0,0.12,Matches
Dan Ndoye,"MF,DF",ch Switzerland,23,2000,5,5,407,4.5,1,0,1,1,0,0,1,0,1.6,1.6,0.1,1.7,20,9,31,0.22,0,0.22,0.22,0.22,0.34,0.03,0.37,0.34,0.37,Matches
Pedro Neto,"DF,FW",pt Portugal,23,2000,3,1,120,1.3,0,0,0,0,0,0,1,0,0,0,0,0,16,5,19,0,0,0,0,0,0,0.01,0.01,0,0.01,Matches
Manuel Neuer,GK,de Germany,37,1986,5,5,480,5.3,0,0,0,0,0,0,0,0,0,0,0,0,0,0,0,0,0,0,0,0,0,0,0,0,0,Matches
João Neves,MF,pt Portugal,19,2004,2,1,77,0.9,0,0,0,0,0,0,0,0,0.1,0.1,0,0.1,1,8,3,0,0,0,0,0,0.06,0,0.06,0.06,0.06,Matches
Rúben Neves,MF,pt Portugal,26,1997,4,0,125,1.4,0,0,0,0,0,0,1,0,0.1,0.1,0.1,0.1,3,12,6,0,0,0,0,0,0.05,0.07,0.12,0.05,0.12,Matches
Florin Niță,GK,ro Romania,36,1987,4,4,360,4,0,0,0,0,0,0,0,0,0,0,0,0,0,0,0,0,0,0,0,0,0,0,0,0,0,Matches
Matheus Nunes,MF,pt Portugal,25,1998,2,0,18,0.2,0,0,0,0,0,0,0,0,0.3,0.3,0,0.3,2,1,1,0,0,0,0,0,1.41,0.12,1.54,1.41,1.54,Matches
Christian Nørgaard,MF,dk Denmark,29,1994,3,0,38,0.4,0,0,0,0,0,0,1,0,0,0,0,0,0,3,0,0,0,0,0,0,0,0.05,0.05,0,0.05,Matches
Adam Obert,DF,sk Slovakia,21,2002,2,0,25,0.3,0,0,0,0,0,0,0,0,0,0,0,0,1,5,3,0,0,0,0,0,0,0,0,0,0,Matches
Jan Oblak,GK,si Slovenia,31,1993,4,4,390,4.3,0,0,0,0,0,0,0,0,0,0,0,0,0,0,0,0,0,0,0,0,0,0,0,0,0,Matches
Darius Olaru,MF,ro Romania,25,1998,2,0,26,0.3,0,0,0,0,0,0,0,0,0,0,0,0,0,3,1,0,0,0,0,0,0,0,0,0,0,Matches
Dani Olmo,"MF,FW",es Spain,25,1998,6,3,432,4.8,3,2,5,3,0,0,1,0,1.7,1.7,1.3,3,21,21,32,0.62,0.42,1.04,0.62,1.04,0.38,0.3,0.68,0.38,0.68,Matches
Amadou Onana,MF,be Belgium,22,2001,4,4,360,4,0,0,0,0,0,0,0,0,0.1,0.1,0,0.1,4,17,1,0,0,0,0,0,0.03,0,0.03,0.03,0.03,Matches
Loïs Openda,FW,be Belgium,23,2000,3,1,70,0.8,0,0,0,0,0,0,0,0,0,0,0,0,0,1,1,0,0,0,0,0,0,0.06,0.06,0,0.06,Matches
Willi Orban,DF,hu Hungary,31,1992,3,3,270,3,0,0,0,0,0,0,1,0,0.6,0.6,0.1,0.7,0,7,2,0,0,0,0,0,0.2,0.05,0.24,0.2,0.24,Matches
Mikel Oyarzabal,FW,es Spain,26,1997,7,1,201,2.2,1,1,2,1,0,0,0,0,1,1,0.6,1.6,4,9,22,0.45,0.45,0.9,0.45,0.9,0.52,0.33,0.85,0.52,0.85,Matches
Salih Özcan,MF,tr Türkiye,26,1998,4,2,155,1.7,0,0,0,0,0,0,1,0,0,0,0,0,1,3,2,0,0,0,0,0,0.02,0,0.02,0.02,0.02,Matches
João Palhinha,MF,pt Portugal,28,1995,4,4,299,3.3,0,0,0,0,0,0,2,0,0.2,0.2,0.1,0.2,0,23,2,0,0,0,0,0,0.05,0.02,0.07,0.05,0.07,Matches
Cole Palmer,"MF,FW",eng England,21,2002,5,0,149,1.7,1,1,2,1,0,0,0,0,0.2,0.2,0.1,0.3,6,16,17,0.6,0.6,1.21,0.6,1.21,0.17,0.14,0.31,0.17,0.31,Matches
Mario Pašalić,"FW,MF",hr Croatia,28,1995,3,1,116,1.3,0,0,0,0,0,0,0,0,0.4,0.4,0,0.4,2,5,7,0,0,0,0,0,0.29,0,0.29,0.29,0.29,Matches
Strahinja Pavlović,DF,rs Serbia,22,2001,3,3,270,3,0,0,0,0,0,0,0,0,0,0,0.1,0.1,8,13,4,0,0,0,0,0,0,0.02,0.02,0,0.02,Matches
Pedri,MF,es Spain,21,2002,4,4,186,2.1,0,1,1,0,0,0,0,0,1.1,1.1,0.8,1.9,6,10,16,0,0.48,0.48,0,0.48,0.53,0.38,0.92,0.53,0.92,Matches
Peter Pekarík,DF,sk Slovakia,37,1986,4,4,377,4.2,0,0,0,0,0,0,1,0,0.7,0.7,0.2,0.9,7,10,9,0,0,0,0,0,0.16,0.06,0.22,0.16,0.22,Matches
Lorenzo Pellegrini,"FW,MF",it Italy,27,1996,4,3,218,2.4,0,1,1,0,0,0,1,0,0.5,0.5,0.5,1,10,8,14,0,0.41,0.41,0,0.41,0.22,0.19,0.41,0.22,0.41,Matches
Patrick Pentz,GK,at Austria,27,1997,4,4,360,4,0,0,0,0,0,0,0,0,0,0,0,0,0,1,0,0,0,0,0,0,0,0,0,0,0,Matches
Pepe,DF,pt Portugal,40,1983,4,4,408,4.5,0,0,0,0,0,0,0,0,0,0,0,0.1,2,17,0,0,0,0,0,0,0.01,0.01,0.01,0.01,0.01,Matches
Danilo Pereira,DF,pt Portugal,32,1991,1,1,90,1,0,0,0,0,0,0,0,0,0.1,0.1,0,0.1,1,5,0,0,0,0,0,0,0.12,0,0.12,0.12,0.12,Matches
Ayoze Pérez,FW,es Spain,30,1993,1,0,13,0.1,0,0,0,0,0,0,0,0,0.3,0.3,0,0.3,2,1,3,0,0,0,0,0,2.01,0,2.01,2.01,2.01,Matches
Ivan Perišić,"DF,FW",hr Croatia,34,1989,3,1,139,1.5,0,0,0,0,0,0,0,0,0.1,0.1,0.4,0.5,8,4,17,0,0,0,0,0,0.07,0.24,0.31,0.07,0.31,Matches
Bruno Petković,FW,hr Croatia,29,1994,2,1,87,1,0,0,0,0,0,1,0,0,1.1,0.3,0.1,0.4,2,4,2,0,0,0,0,0,1.11,0.08,1.2,0.3,0.38,Matches
Krzysztof Piątek,FW,pl Poland,28,1995,1,1,59,0.7,1,0,1,1,0,0,0,0,0.5,0.5,0,0.5,0,0,2,1.53,0,1.53,1.53,1.53,0.82,0,0.82,0.82,0.82,Matches
Jordan Pickford,GK,eng England,29,1994,7,7,690,7.7,0,0,0,0,0,0,0,0,0,0,0,0,0,1,0,0,0,0,0,0,0,0,0,0,0,Matches
Jakub Piotrowski,MF,pl Poland,26,1997,2,1,58,0.6,0,0,0,0,0,0,0,0,0.2,0.2,0.2,0.4,2,1,2,0,0,0,0,0,0.25,0.35,0.6,0.25,0.6,Matches
Marin Pongračić,DF,hr Croatia,26,1997,2,2,180,2,0,0,0,0,0,0,1,0,0,0,0,0,0,3,0,0,0,0,0,0,0,0,0,0,0,Matches
Ryan Porteous,DF,sct Scotland,24,1999,1,1,43,0.5,0,0,0,0,0,0,0,1,0,0,0,0,0,0,0,0,0,0,0,0,0,0,0,0,0,Matches
Stefan Posch,DF,at Austria,26,1997,4,4,360,4,0,1,1,0,0,0,1,0,0.3,0.3,1.8,2.1,6,18,28,0,0.25,0.25,0,0.25,0.07,0.45,0.53,0.07,0.53,Matches
Yussuf Poulsen,"FW,MF",dk Denmark,29,1994,4,0,57,0.6,0,0,0,0,0,0,0,0,0,0,0,0,1,1,5,0,0,0,0,0,0,0.07,0.07,0,0.07,Matches
Alexander Prass,DF,at Austria,22,2001,4,1,166,1.8,0,1,1,0,0,0,0,0,0,0,0.4,0.4,6,7,6,0,0.54,0.54,0,0.54,0,0.2,0.2,0,0.2,Matches
Lukáš Provod,MF,cz Czechia,27,1996,3,3,232,2.6,1,0,1,1,0,0,1,0,0.1,0.1,0.3,0.4,5,3,4,0.39,0,0.39,0.39,0.39,0.04,0.12,0.17,0.04,0.17,Matches
George Pușcaș,FW,ro Romania,27,1996,2,0,40,0.4,0,0,0,0,0,0,1,0,0,0,0,0,0,0,1,0,0,0,0,0,0,0,0,0,0,Matches
Leopold Querfeld,DF,at Austria,20,2003,1,0,27,0.3,0,0,0,0,0,0,1,0,0,0,0,0,0,0,0,0,0,0,0,0,0,0,0,0,0,Matches
Adrien Rabiot,MF,fr France,28,1995,5,5,371,4.1,0,0,0,0,0,0,2,0,0.3,0.3,0.4,0.7,10,28,19,0,0,0,0,0,0.07,0.1,0.17,0.07,0.17,Matches
Bogdan Racovitan,DF,ro Romania,23,2000,2,0,57,0.6,0,0,0,0,0,0,0,0,0,0,0,0,1,1,0,0,0,0,0,0,0,0,0,0,0,Matches
Predrag Rajković,GK,rs Serbia,28,1995,3,3,270,3,0,0,0,0,0,0,0,0,0,0,0,0,0,0,0,0,0,0,0,0,0,0,0,0,0,Matches
Anthony Ralston,DF,sct Scotland,25,1998,3,3,262,2.9,0,0,0,0,0,0,1,0,0,0,0.1,0.1,2,4,4,0,0,0,0,0,0,0.03,0.03,0,0.03,Matches
Ylber Ramadani,MF,al Albania,27,1996,3,3,264,2.9,0,0,0,0,0,0,0,0,0,0,0,0,2,4,0,0,0,0,0,0,0,0.02,0.02,0,0.02,Matches
Gonçalo Ramos,FW,pt Portugal,22,2001,1,0,25,0.3,0,0,0,0,0,0,0,0,0.1,0.1,0,0.1,0,0,0,0,0,0,0,0,0.25,0,0.25,0.25,0.25,Matches
Giacomo Raspadori,FW,it Italy,23,2000,2,1,83,0.9,0,0,0,0,0,0,0,0,0.1,0.1,0.4,0.4,1,9,5,0,0,0,0,0,0.09,0.4,0.49,0.09,0.49,Matches
Andrei Ratiu,DF,ro Romania,25,1998,4,4,359,4,0,0,0,0,0,0,0,0,0.1,0.1,0,0.2,3,8,7,0,0,0,0,0,0.03,0.01,0.04,0.03,0.04,Matches
David Raum,DF,de Germany,25,1998,3,2,166,1.8,0,1,1,0,0,0,1,0,0,0,1.1,1.1,8,8,8,0,0.54,0.54,0,0.54,0.01,0.6,0.62,0.01,0.62,Matches
David Raya,GK,es Spain,28,1995,1,1,90,1,0,0,0,0,0,0,0,0,0,0,0,0,0,0,0,0,0,0,0,0,0,0,0,0,0,Matches
Tijjani Reijnders,MF,nl Netherlands,25,1998,6,6,496,5.5,0,0,0,0,0,0,0,0,0.7,0.7,0.6,1.2,19,32,13,0,0,0,0,0,0.12,0.11,0.23,0.12,0.23,Matches
Mateo Retegui,FW,it Italy,24,1999,4,1,152,1.7,0,0,0,0,0,0,0,0,0.2,0.2,0,0.2,0,1,6,0,0,0,0,0,0.15,0,0.15,0.15,0.15,Matches
Declan Rice,MF,eng England,25,1999,7,7,690,7.7,0,1,1,0,0,0,0,0,0.4,0.4,0.1,0.5,5,39,14,0,0.13,0.13,0,0.13,0.05,0.02,0.07,0.05,0.07,Matches
Fabian Rieder,MF,ch Switzerland,21,2002,5,3,218,2.4,0,0,0,0,0,0,0,0,0,0,0.3,0.3,7,10,22,0,0,0,0,0,0.01,0.12,0.14,0.01,0.14,Matches
Andrew Robertson,DF,sct Scotland,29,1994,3,3,268,3,0,0,0,0,0,0,0,0,0,0,0.3,0.3,5,8,7,0,0,0,0,0,0,0.11,0.11,0,0.11,Matches
Rodri,MF,es Spain,27,1996,6,6,520,5.8,1,0,1,1,0,0,3,0,0.3,0.3,0.3,0.7,16,40,10,0.17,0,0.17,0.17,0.17,0.06,0.06,0.12,0.06,0.12,Matches
Ricardo Rodríguez,DF,ch Switzerland,31,1992,5,5,480,5.3,0,0,0,0,0,0,1,0,0.1,0.1,0.2,0.2,13,17,13,0,0,0,0,0,0.01,0.03,0.04,0.01,0.04,Matches
Taras Romanchuk,MF,pl Poland,32,1991,1,1,54,0.6,0,0,0,0,0,0,0,0,0,0,0,0,0,0,0,0,0,0,0,0,0,0,0,0,0,Matches
Cristiano Ronaldo,FW,pt Portugal,38,1985,5,5,485,5.4,0,1,1,0,0,1,1,0,3.6,2.8,1.2,4.1,3,5,33,0,0.19,0.19,0,0.19,0.76,0.26,1.03,0.6,0.86,Matches
Antonio Rüdiger,DF,de Germany,30,1993,5,5,480,5.3,0,0,0,0,0,0,2,0,0.2,0.2,0.6,0.8,3,35,0,0,0,0,0,0,0.04,0.11,0.15,0.04,0.15,Matches
Fabián Ruiz Peña,MF,es Spain,27,1996,6,6,540,6,2,2,4,2,0,0,1,0,1.7,1.7,1,2.6,18,47,16,0.33,0.33,0.67,0.33,0.67,0.28,0.16,0.44,0.28,0.44,Matches
Adrian Rus,MF,ro Romania,27,1996,2,0,21,0.2,0,0,0,0,0,0,0,0,0,0,0,0,0,1,0,0,0,0,0,0,0,0,0,0,0,Matches
Marcel Sabitzer,"FW,MF",at Austria,29,1994,4,4,360,4,1,0,1,1,0,0,0,0,0.9,0.9,0.8,1.6,8,12,37,0.25,0,0.25,0.25,0.25,0.22,0.19,0.41,0.22,0.41,Matches
Bukayo Saka,"FW,DF",eng England,22,2001,7,7,632,7,1,0,1,1,0,0,1,0,0.4,0.4,0.4,0.7,31,25,85,0.14,0,0.14,0.14,0.14,0.06,0.06,0.12,0.06,0.12,Matches
Bartosz Salamon,DF,pl Poland,32,1991,1,1,85,0.9,0,0,0,0,0,0,0,0,0,0,0,0,0,0,1,0,0,0,0,0,0.01,0,0.01,0.01,0.01,Matches
William Saliba,DF,fr France,22,2001,6,6,570,6.3,0,0,0,0,0,0,1,0,0.1,0.1,0,0.1,4,15,0,0,0,0,0,0,0.02,0,0.02,0.02,0.02,Matches
Roland Sallai,MF,hu Hungary,26,1997,3,3,266,3,0,1,1,0,0,0,0,0,0.6,0.6,1,1.6,12,5,23,0,0.34,0.34,0,0.34,0.21,0.34,0.55,0.21,0.55,Matches
Lazar Samardzic,MF,rs Serbia,21,2002,2,1,54,0.6,0,0,0,0,0,0,0,0,0.1,0.1,0,0.1,0,1,2,0,0,0,0,0,0.13,0,0.13,0.13,0.13,Matches
Leroy Sané,FW,de Germany,28,1996,5,2,208,2.3,0,0,0,0,0,0,0,0,0.4,0.4,0.1,0.5,5,7,23,0,0,0,0,0,0.18,0.04,0.23,0.18,0.23,Matches
Leo Sauer,FW,sk Slovakia,18,2005,1,0,5,0.1,0,0,0,0,0,0,0,0,0,0,0,0,0,0,3,0,0,0,0,0,0,0,0,0,0,Matches
Gianluca Scamacca,FW,it Italy,25,1999,4,3,251,2.8,0,0,0,0,0,0,0,0,0.6,0.6,0.2,0.8,1,3,11,0,0,0,0,0,0.22,0.08,0.3,0.22,0.3,Matches
András Schäfer,MF,hu Hungary,24,1999,3,3,270,3,0,0,0,0,0,0,1,0,0.1,0.1,0,0.1,5,14,4,0,0,0,0,0,0.02,0,0.02,0.02,0.02,Matches
Fabian Schär,DF,ch Switzerland,32,1991,5,5,480,5.3,0,0,0,0,0,0,1,0,0.2,0.2,0.1,0.3,4,12,7,0,0,0,0,0,0.05,0.02,0.07,0.05,0.07,Matches
Patrik Schick,FW,cz Czechia,28,1996,2,2,127,1.4,1,0,1,1,0,0,2,0,1.5,1.5,0.1,1.6,2,1,6,0.71,0,0.71,0.71,0.71,1.03,0.08,1.11,1.03,1.11,Matches
Nico Schlotterbeck,DF,de Germany,24,1999,2,1,120,1.3,0,1,1,0,0,0,1,0,0.1,0.1,0.4,0.4,1,1,1,0,0.75,0.75,0,0.75,0.05,0.28,0.33,0.05,0.33,Matches
Kasper Schmeichel,GK,dk Denmark,37,1986,4,4,360,4,0,0,0,0,0,0,0,0,0,0,0,0,0,0,0,0,0,0,0,0,0,0,0,0,0,Matches
Romano Schmid,"FW,MF",at Austria,24,2000,4,2,145,1.6,1,0,1,1,0,0,1,0,0.1,0.1,0.7,0.8,3,5,11,0.62,0,0.62,0.62,0.62,0.08,0.42,0.5,0.08,0.5,Matches
Jerdy Schouten,MF,nl Netherlands,27,1997,6,6,500,5.6,0,0,0,0,0,0,1,0,0.1,0.1,0.1,0.2,7,39,11,0,0,0,0,0,0.01,0.03,0.04,0.01,0.04,Matches
Ivan Schranz,FW,sk Slovakia,30,1993,4,4,331,3.7,3,0,3,3,0,0,1,0,1,1,0.3,1.3,5,6,16,0.82,0,0.82,0.82,0.82,0.28,0.07,0.35,0.28,0.35,Matches
Taulant Seferi,FW,al Albania,27,1996,2,1,94,1,0,0,0,0,0,0,0,0,0,0,0.1,0.1,2,3,3,0,0,0,0,0,0.02,0.11,0.12,0.02,0.12,Matches
Nicolas Seiwald,MF,at Austria,22,2001,4,4,360,4,0,0,0,0,0,0,0,0,0,0,0.6,0.7,3,23,5,0,0,0,0,0,0.01,0.16,0.17,0.01,0.17,Matches
Nélson Semedo,DF,pt Portugal,30,1993,5,0,100,1.1,0,0,0,0,0,0,0,0,0.2,0.2,0,0.2,6,4,17,0,0,0,0,0,0.27,0,0.27,0.27,0.27,Matches
Benjamin Šeško,FW,si Slovenia,20,2003,4,4,358,4,0,0,0,0,0,0,0,0,0.9,0.9,0.1,1,3,7,21,0,0,0,0,0,0.25,0.03,0.28,0.25,0.28,Matches
Petr Ševčík,MF,cz Czechia,29,1994,2,0,22,0.2,0,0,0,0,0,0,0,0,0.1,0.1,0,0.1,3,3,1,0,0,0,0,0,0.5,0,0.5,0.5,0.5,Matches
Stephan El Shaarawy,FW,it Italy,31,1992,1,1,45,0.5,0,0,0,0,0,0,1,0,0,0,0,0,1,0,0,0,0,0,0,0,0,0,0,0,0,Matches
Lawrence Shankland,FW,sct Scotland,28,1995,3,0,25,0.3,0,0,0,0,0,0,0,0,0,0,0,0,1,2,1,0,0,0,0,0,0,0.14,0.14,0,0.14,Matches
Mykola Shaparenko,MF,ua Ukraine,25,1998,3,3,220,2.4,1,1,2,1,0,0,0,0,0.2,0.2,0.2,0.5,8,18,5,0.41,0.41,0.82,0.41,0.82,0.09,0.1,0.19,0.09,0.19,Matches
Xherdan Shaqiri,"MF,FW",ch Switzerland,32,1991,2,1,71,0.8,1,0,1,1,0,0,0,0,0.1,0.1,0,0.1,1,3,4,1.27,0,1.27,1.27,1.27,0.11,0.05,0.16,0.11,0.16,Matches
Luke Shaw,DF,eng England,28,1995,3,1,178,2,0,0,0,0,0,0,0,0,0,0,0.1,0.1,2,7,10,0,0,0,0,0,0,0.05,0.05,0,0.05,Matches
Vincent Sierro,MF,ch Switzerland,28,1995,4,0,38,0.4,0,0,0,0,0,0,1,0,0,0,0,0,0,2,0,0,0,0,0,0,0.03,0,0.03,0.03,0.03,Matches
António Silva,DF,pt Portugal,20,2003,2,1,73,0.8,0,0,0,0,0,0,0,0,0.1,0.1,0.1,0.2,1,10,1,0,0,0,0,0,0.14,0.11,0.25,0.14,0.25,Matches
Bernardo Silva,"FW,MF",pt Portugal,29,1994,4,4,420,4.7,1,0,1,1,0,0,0,0,0.7,0.7,0.6,1.3,15,28,47,0.21,0,0.21,0.21,0.21,0.18,0.16,0.33,0.18,0.33,Matches
Unai Simón,GK,es Spain,26,1997,6,6,570,6.3,0,0,0,0,0,0,1,0,0,0,0,0,0,0,0,0,0,0,0,0,0,0,0,0,0,Matches
Xavi Simons,"MF,FW",nl Netherlands,20,2003,6,5,454,5,1,3,4,1,0,0,2,0,0.6,0.6,1,1.5,20,28,33,0.2,0.59,0.79,0.2,0.79,0.11,0.2,0.31,0.11,0.31,Matches
Michał Skóraś,DF,pl Poland,23,2000,1,0,23,0.3,0,0,0,0,0,0,0,0,0,0,0,0,1,1,0,0,0,0,0,0,0,0,0,0,0,Matches
Łukasz Skorupski,GK,pl Poland,32,1991,1,1,90,1,0,0,0,0,0,0,0,0,0,0,0,0,0,0,0,0,0,0,0,0,0,0,0,0,0,Matches
Andreas Skov Olsen,"MF,FW",dk Denmark,24,1999,3,1,122,1.4,0,0,0,0,0,0,0,0,0,0,0.4,0.4,4,3,11,0,0,0,0,0,0.02,0.31,0.33,0.02,0.33,Matches
Milan Škriniar,DF,sk Slovakia,28,1995,4,4,390,4.3,0,0,0,0,0,0,1,0,0.3,0.3,0.1,0.4,4,21,0,0,0,0,0,0,0.07,0.02,0.09,0.07,0.09,Matches
Bartosz Slisz,MF,pl Poland,24,1999,2,1,110,1.2,0,0,0,0,0,0,1,0,0,0,0.1,0.1,1,5,2,0,0,0,0,0,0,0.1,0.1,0,0.1,Matches
Yann Sommer,GK,ch Switzerland,35,1988,5,5,480,5.3,0,0,0,0,0,0,0,0,0,0,0,0,0,0,0,0,0,0,0,0,0,0,0,0,0,Matches
Deian Sorescu,"MF,DF",ro Romania,26,1997,2,0,34,0.4,0,0,0,0,0,0,0,0,0,0,0,0,0,0,1,0,0,0,0,0,0,0,0,0,0,Matches
Borna Sosa,DF,hr Croatia,26,1998,1,0,7,0.1,0,0,0,0,0,0,0,0,0,0,0,0,0,0,1,0,0,0,0,0,0,0,0,0,0,Matches
Tomáš Souček,MF,cz Czechia,28,1995,3,3,270,3,1,0,1,1,0,0,2,0,0.6,0.6,1,1.5,0,11,4,0.33,0,0.33,0.33,0.33,0.19,0.32,0.51,0.19,0.51,Matches
Andraž Šporar,FW,si Slovenia,29,1994,4,4,338,3.8,0,0,0,0,0,0,0,0,1,1,0.8,1.8,3,3,19,0,0,0,0,0,0.26,0.22,0.48,0.26,0.48,Matches
Nicolae Stanciu,"MF,FW",ro Romania,30,1993,4,4,353,3.9,1,0,1,1,0,0,1,0,0.2,0.2,0.3,0.5,2,10,3,0.25,0,0.25,0.25,0.25,0.05,0.07,0.12,0.05,0.12,Matches
Jindřich Staněk,GK,cz Czechia,27,1996,3,3,234,2.6,0,0,0,0,0,0,0,0,0,0,0,0,0,0,0,0,0,0,0,0,0,0,0,0,0,Matches
Josip Stanišić,DF,hr Croatia,23,2000,2,2,180,2,0,0,0,0,0,0,1,0,0.2,0.2,0,0.2,3,8,9,0,0,0,0,0,0.09,0.02,0.11,0.09,0.11,Matches
Renato Steffen,DF,ch Switzerland,32,1991,1,0,1,0,0,0,0,0,0,0,0,0,0,0,0,0,1,0,0,0,0,0,0,0,0,0,0,0,0,Matches
Taras Stepanenko,MF,ua Ukraine,34,1989,2,1,82,0.9,0,0,0,0,0,0,0,0,0.1,0.1,0,0.1,0,5,3,0,0,0,0,0,0.07,0,0.07,0.07,0.07,Matches
Leonidas Stergiou,DF,ch Switzerland,21,2002,3,0,48,0.5,0,0,0,0,0,0,0,0,0,0,0,0,0,0,1,0,0,0,0,0,0,0,0,0,0,Matches
Petar Stojanović,MF,si Slovenia,28,1995,4,4,316,3.5,0,0,0,0,0,0,1,0,0,0,0.2,0.2,7,11,9,0,0,0,0,0,0.01,0.05,0.06,0.01,0.06,Matches
John Stones,DF,eng England,29,1994,7,7,690,7.7,0,0,0,0,0,0,1,0,0.1,0.1,0,0.1,0,21,1,0,0,0,0,0,0.01,0,0.01,0.01,0.01,Matches
Thomas Strakosha,GK,al Albania,28,1995,3,3,270,3,0,0,0,0,0,0,0,0,0,0,0,0,0,0,0,0,0,0,0,0,0,0,0,0,0,Matches
Dávid Strelec,FW,sk Slovakia,22,2001,4,2,182,2,0,1,1,0,0,0,0,0,0.7,0.7,0.8,1.5,0,2,6,0,0.49,0.49,0,0.49,0.34,0.42,0.76,0.34,0.76,Matches
Callum Styles,MF,hu Hungary,23,2000,1,1,60,0.7,0,0,0,0,0,0,1,0,0,0,0,0,0,2,0,0,0,0,0,0,0,0.03,0.03,0,0.03,Matches
Luka Sučić,"FW,MF",hr Croatia,21,2002,3,1,140,1.6,0,0,0,0,0,0,1,0,0.6,0.6,0.4,1,6,7,5,0,0,0,0,0,0.37,0.27,0.64,0.37,0.64,Matches
Heorhiy Sudakov,MF,ua Ukraine,21,2002,3,3,262,2.9,0,0,0,0,0,0,0,0,0.5,0.5,0.2,0.7,6,15,11,0,0,0,0,0,0.17,0.06,0.23,0.17,0.23,Matches
Pavel Šulc,MF,cz Czechia,23,2000,1,1,78,0.9,0,0,0,0,0,0,0,0,0.1,0.1,0,0.1,3,0,2,0,0,0,0,0,0.1,0,0.1,0.1,0.1,Matches
Tomáš Suslov,"FW,MF",sk Slovakia,21,2002,4,0,126,1.4,0,0,0,0,0,0,1,0,0,0,0.1,0.1,6,6,10,0,0,0,0,0,0,0.12,0.12,0,0.12,Matches
Josip Šutalo,DF,hr Croatia,23,2000,3,3,270,3,0,0,0,0,0,0,0,0,0.6,0.6,0,0.6,1,10,0,0,0,0,0,0,0.2,0,0.2,0.2,0.2,Matches
Oleksandr Svatok,DF,ua Ukraine,29,1994,1,1,80,0.9,0,0,0,0,0,0,0,0,0,0,0,0,0,3,0,0,0,0,0,0,0,0,0,0,0,Matches
Karol Świderski,FW,pl Poland,27,1997,3,0,90,1,0,0,0,0,0,0,1,0,0.3,0.3,0.6,0.9,0,0,6,0,0,0,0,0,0.29,0.61,0.9,0.29,0.9,Matches
Serhiy Sydorchuk,MF,ua Ukraine,32,1991,1,0,6,0.1,0,0,0,0,0,0,0,0,0,0,0,0,0,0,0,0,0,0,0,0,0,0,0,0,0,Matches
Attila Szalai,DF,hu Hungary,26,1998,2,1,95,1.1,0,0,0,0,0,0,1,0,0.1,0.1,0,0.1,0,8,2,0,0,0,0,0,0.08,0,0.08,0.08,0.08,Matches
Wojciech Szczęsny,GK,pl Poland,33,1990,2,2,180,2,0,0,0,0,0,0,1,0,0,0,0,0,0,0,0,0,0,0,0,0,0,0,0,0,0,Matches
Dominik Szoboszlai,MF,hu Hungary,23,2000,3,3,270,3,0,1,1,0,0,0,1,0,0.3,0.3,1.2,1.5,6,8,10,0,0.33,0.33,0,0.33,0.09,0.39,0.49,0.09,0.49,Matches
Sebastian Szymański,MF,pl Poland,24,1999,2,2,112,1.2,0,0,0,0,0,0,0,0,0,0,0,0.1,3,8,3,0,0,0,0,0,0.03,0.02,0.05,0.03,0.05,Matches
Dušan Tadić,MF,rs Serbia,35,1988,3,1,156,1.7,0,0,0,0,0,0,1,0,0,0,0.6,0.6,4,4,17,0,0,0,0,0,0,0.34,0.34,0,0.34,Matches
Jonathan Tah,DF,de Germany,27,1996,4,4,319,3.5,0,0,0,0,0,0,2,0,0,0,0.1,0.1,0,15,1,0,0,0,0,0,0.01,0.02,0.03,0.01,0.03,Matches
Maksym Talovierov,MF,ua Ukraine,23,2000,1,0,1,0,0,0,0,0,0,0,0,0,0,0,0,0,0,0,0,0,0,0,0,0,0,0,0,0,0,Matches
Aurélien Tchouaméni,MF,fr France,24,2000,5,5,470,5.2,0,0,0,0,0,0,2,0,0.4,0.4,0.2,0.6,9,56,5,0,0,0,0,0,0.07,0.05,0.12,0.07,0.12,Matches
Arthur Theate,DF,be Belgium,23,2000,3,3,256,2.8,0,0,0,0,0,0,0,0,0,0,0,0.1,5,9,4,0,0,0,0,0,0.01,0.02,0.03,0.01,0.03,Matches
Marcus Thuram,FW,fr France,26,1997,4,3,260,2.9,0,0,0,0,0,0,0,0,0.7,0.7,0.1,0.7,7,6,18,0,0,0,0,0,0.27,0.03,0.29,0.27,0.29,Matches
Youri Tielemans,MF,be Belgium,26,1997,3,2,148,1.6,1,0,1,1,0,0,1,0,0.1,0.1,0,0.1,3,15,1,0.61,0,0.61,0.61,0.61,0.07,0.01,0.08,0.07,0.08,Matches
Kieran Tierney,DF,sct Scotland,26,1997,2,2,136,1.5,0,0,0,0,0,0,0,0,0,0,0,0,2,3,0,0,0,0,0,0,0,0,0,0,0,Matches
Ivan Toney,FW,eng England,27,1996,3,0,45,0.5,0,1,1,0,0,0,0,0,0.1,0.1,0.2,0.3,0,0,1,0,2,2,0,2,3.27,6.96,10.23,3.27,10.23,Matches
Ferrán Torres,"FW,MF",es Spain,23,2000,5,1,155,1.7,1,0,1,1,0,0,1,0,0.6,0.6,0.1,0.8,4,2,15,0.58,0,0.58,0.58,0.58,0.45,0.09,0.54,0.45,0.54,Matches
Cenk Tosun,FW,tr Türkiye,32,1991,2,0,25,0.3,1,0,1,1,0,0,1,0,0.3,0.3,0,0.3,1,0,1,3.6,0,3.6,3.6,3.6,1.15,0,1.15,1.15,1.15,Matches
Gernot Trauner,DF,at Austria,31,1992,2,1,90,1,1,0,1,1,0,0,0,0,0.1,0.1,0,0.1,0,8,0,1,0,1,1,1,0.08,0,0.08,0.08,0.08,Matches
Kieran Trippier,DF,eng England,33,1990,6,6,450,5,0,0,0,0,0,0,2,0,0.1,0.1,0.8,0.9,2,29,27,0,0,0,0,0,0.02,0.17,0.19,0.02,0.19,Matches
Leandro Trossard,FW,be Belgium,29,1994,3,2,169,1.9,0,0,0,0,0,0,0,0,0.2,0.2,0.1,0.4,5,5,8,0,0,0,0,0,0.13,0.06,0.19,0.13,0.19,Matches
Anatolii Trubin,GK,ua Ukraine,22,2001,2,2,180,2,0,0,0,0,0,0,0,0,0,0,0,0,0,0,0,0,0,0,0,0,0,0,0,0,0,Matches
Heorhii Tsitaishvili,"DF,MF",ge Georgia,23,2000,4,2,190,2.1,0,0,0,0,0,0,0,0,0.2,0.2,0.1,0.3,5,3,15,0,0,0,0,0,0.08,0.07,0.15,0.08,0.15,Matches
Viktor Tsyhankov,FW,ua Ukraine,26,1997,1,1,62,0.7,0,0,0,0,0,0,0,0,0.1,0.1,0,0.1,2,1,6,0,0,0,0,0,0.19,0,0.19,0.19,0.19,Matches
Ľubomír Tupta,MF,sk Slovakia,25,1998,1,0,12,0.1,0,0,0,0,0,0,0,0,0,0,0,0,0,0,1,0,0,0,0,0,,,,,,Matches
Oleksandr Tymchyk,DF,ua Ukraine,27,1997,3,2,199,2.2,0,0,0,0,0,0,0,0,0,0,0,0,5,7,11,0,0,0,0,0,0,0.01,0.01,0,0.01,Matches
Deniz Undav,MF,de Germany,27,1996,1,0,7,0.1,0,0,0,0,0,0,1,0,0,0,0,0,0,0,0,0,0,0,0,0,0,0,0,0,0,Matches
Dayot Upamecano,DF,fr France,25,1998,6,6,570,6.3,0,0,0,0,0,0,0,0,0.3,0.3,0.1,0.3,3,28,2,0,0,0,0,0,0.05,0.01,0.06,0.05,0.06,Matches
Kacper Urbanski,"FW,MF",pl Poland,19,2004,3,2,148,1.6,0,0,0,0,0,0,0,0,0.1,0.1,0.1,0.2,4,3,4,0,0,0,0,0,0.08,0.03,0.11,0.08,0.11,Matches
Virgil van Dijk,DF,nl Netherlands,32,1991,6,6,540,6,0,0,0,0,0,0,2,0,0.5,0.5,0.1,0.6,0,20,0,0,0,0,0,0,0.08,0.02,0.1,0.08,0.1,Matches
Vladyslav Vanat,FW,ua Ukraine,22,2002,1,0,21,0.2,0,0,0,0,0,0,0,0,0,0,0,0,0,0,2,0,0,0,0,0,0,0,0,0,0,Matches
Barnabás Varga,FW,hu Hungary,30,1994,3,3,249,2.8,1,0,1,1,0,0,1,0,1.2,1.2,0.1,1.3,1,7,11,0.36,0,0.36,0.36,0.36,0.44,0.03,0.47,0.44,0.47,Matches
Ruben Vargas,"MF,FW",ch Switzerland,25,1998,5,4,306,3.4,1,1,2,1,0,0,0,0,0.7,0.7,1.1,1.8,13,12,21,0.29,0.29,0.59,0.29,0.59,0.2,0.32,0.53,0.2,0.53,Matches
Denis Vavro,DF,sk Slovakia,27,1996,4,4,390,4.3,0,0,0,0,0,0,1,0,0,0,0,0,1,15,2,0,0,0,0,0,0.01,0,0.01,0.01,0.01,Matches
Joey Veerman,MF,nl Netherlands,25,1998,6,2,209,2.3,0,0,0,0,0,0,1,0,0.2,0.2,0.3,0.4,1,17,1,0,0,0,0,0,0.07,0.13,0.19,0.07,0.19,Matches
Miloš Veljković,DF,rs Serbia,28,1995,3,3,270,3,0,0,0,0,0,0,0,0,0,0,0,0,5,27,3,0,0,0,0,0,0,0,0,0,0,Matches
Micky van de Ven,DF,nl Netherlands,22,2001,4,0,70,0.8,0,0,0,0,0,0,0,0,0,0,0,0,1,2,2,0,0,0,0,0,0,0,0,0,0,Matches
Benjamin Verbič,MF,si Slovenia,30,1993,3,0,74,0.8,0,0,0,0,0,0,0,0,0,0,0.1,0.2,2,1,3,0,0,0,0,0,0.05,0.27,0.31,0.05,0.31,Matches
Bart Verbruggen,GK,nl Netherlands,21,2002,6,6,540,6,0,0,0,0,0,0,0,0,0,0,0,0,0,0,0,0,0,0,0,0,0,0,0,0,0,Matches
Jan Vertonghen,DF,be Belgium,36,1987,3,3,270,3,0,0,0,0,0,0,1,0,0.1,0.1,0,0.1,0,3,1,0,0,0,0,0,0.03,0,0.03,0.03,0.03,Matches
Jannik Vestergaard,DF,dk Denmark,31,1992,4,4,360,4,0,0,0,0,0,0,1,0,0.3,0.3,0,0.3,1,15,2,0,0,0,0,0,0.07,0,0.07,0.07,0.07,Matches
Žan Vipotnik,FW,si Slovenia,21,2002,1,0,15,0.2,0,0,0,0,0,0,1,0,0,0,0,0,0,0,0,0,0,0,0,0,0,0,0,0,0,Matches
Vitinha,MF,pt Portugal,23,2000,4,4,358,4,0,0,0,0,0,0,0,0,0.6,0.6,0.1,0.8,7,28,9,0,0,0,0,0,0.16,0.03,0.19,0.16,0.19,Matches
Daniel Vivian,DF,es Spain,24,1999,2,1,123,1.4,0,0,0,0,0,0,1,0,0,0,0,0,0,10,1,0,0,0,0,0,0.03,0,0.03,0.03,0.03,Matches
Dušan Vlahović,"MF,FW",rs Serbia,24,2000,3,2,177,2,0,0,0,0,0,0,0,0,0.2,0.2,0,0.2,1,2,8,0,0,0,0,0,0.12,0,0.12,0.12,0.12,Matches
Stefan de Vrij,DF,nl Netherlands,31,1992,6,6,540,6,1,0,1,1,0,0,0,0,0.3,0.3,0,0.3,2,26,2,0.17,0,0.17,0.17,0.17,0.05,0,0.05,0.05,0.05,Matches
Kyle Walker,DF,eng England,33,1990,7,7,690,7.7,0,0,0,0,0,0,0,0,0,0,0.1,0.1,14,50,24,0,0,0,0,0,0,0.01,0.01,0,0.01,Matches
Ollie Watkins,FW,eng England,28,1995,3,0,62,0.7,1,0,1,1,0,0,1,0,0.3,0.3,0,0.3,0,0,2,1.45,0,1.45,1.45,1.45,0.45,0,0.45,0.45,0.45,Matches
Wout Weghorst,FW,nl Netherlands,31,1992,6,0,138,1.5,1,1,2,1,0,0,1,0,0.6,0.6,0.3,0.9,0,0,8,0.65,0.65,1.3,0.65,1.3,0.42,0.17,0.6,0.42,0.6,Matches
Andreas Weimann,FW,at Austria,32,1991,1,0,1,0,0,0,0,0,0,0,0,0,0,0,0,0,0,0,0,0,0,0,0,0,0,0,0,0,0,Matches
Silvan Widmer,DF,ch Switzerland,30,1993,4,3,299,3.3,0,0,0,0,0,0,3,0,0.3,0.3,0,0.3,2,3,15,0,0,0,0,0,0.1,0.01,0.11,0.1,0.11,Matches
Georginio Wijnaldum,MF,nl Netherlands,33,1990,3,0,73,0.8,0,0,0,0,0,0,0,0,0,0,0,0,0,2,1,0,0,0,0,0,0,0,0,0,0,Matches
Nico Williams,FW,es Spain,21,2002,6,6,492,5.5,2,1,3,2,0,0,0,0,1,1,1.6,2.6,32,21,67,0.37,0.18,0.55,0.37,0.55,0.18,0.3,0.48,0.18,0.48,Matches
Patrick Wimmer,"FW,MF",at Austria,22,2001,3,1,138,1.5,0,0,0,0,0,0,2,0,0.2,0.2,0.1,0.2,5,4,10,0,0,0,0,0,0.11,0.04,0.15,0.11,0.15,Matches
Jonas Wind,FW,dk Denmark,24,1999,4,3,193,2.1,0,1,1,0,0,0,1,0,0.5,0.5,0.8,1.2,0,2,21,0,0.47,0.47,0,0.47,0.21,0.37,0.58,0.21,0.58,Matches
Florian Wirtz,"FW,MF",de Germany,20,2003,5,3,279,3.1,2,0,2,2,0,0,1,0,0.6,0.6,0.8,1.4,17,20,34,0.65,0,0.65,0.65,0.65,0.23,0.27,0.5,0.23,0.5,Matches
Maximilian Wöber,DF,at Austria,25,1998,3,2,175,1.9,0,0,0,0,0,0,1,0,0,0,0.1,0.1,2,7,2,0,0,0,0,0,0,0.07,0.07,0,0.07,Matches
Granit Xhaka,MF,ch Switzerland,31,1992,5,5,480,5.3,0,0,0,0,0,0,1,0,0.2,0.2,0.4,0.6,8,36,7,0,0,0,0,0,0.04,0.07,0.11,0.04,0.11,Matches
Lamine Yamal,FW,es Spain,16,2007,7,6,503,5.6,1,4,5,1,0,0,1,0,1.8,1.8,2.8,4.6,31,23,43,0.18,0.72,0.89,0.18,0.89,0.33,0.5,0.83,0.33,0.83,Matches
Roman Yaremchuk,FW,ua Ukraine,28,1995,3,1,121,1.3,1,0,1,1,0,0,1,0,0.4,0.4,0.1,0.6,3,3,11,0.74,0,0.74,0.74,0.74,0.33,0.11,0.44,0.33,0.44,Matches
Andriy Yarmolenko,"FW,MF",ua Ukraine,34,1989,3,1,104,1.2,0,0,0,0,0,0,0,0,0.5,0.5,0,0.5,4,6,11,0,0,0,0,0,0.42,0,0.42,0.42,0.42,Matches
Yusuf Yazıcı,"MF,FW",tr Türkiye,27,1997,2,0,57,0.6,0,0,0,0,0,0,0,0,0.2,0.2,0,0.2,0,3,2,0,0,0,0,0,0.28,0,0.28,0.28,0.28,Matches
Kenan Yıldız,"FW,MF",tr Türkiye,18,2005,5,4,345,3.8,0,0,0,0,0,0,1,0,0.7,0.7,0.1,0.8,12,6,23,0,0,0,0,0,0.18,0.02,0.2,0.18,0.2,Matches
Okay Yokuşlu,"MF,DF",tr Türkiye,29,1994,3,0,55,0.6,0,0,0,0,0,0,0,0,0,0,0,0,0,2,0,0,0,0,0,0,0.08,0,0.08,0.08,0.08,Matches
İsmail Yüksek,MF,tr Türkiye,25,1999,3,2,152,1.7,0,1,1,0,0,0,2,0,0.1,0.1,0.1,0.2,2,4,2,0,0.59,0.59,0,0.59,0.04,0.09,0.12,0.04,0.12,Matches
Illia Zabarnyi,DF,ua Ukraine,21,2002,3,3,270,3,0,0,0,0,0,0,0,0,0,0,0.1,0.1,0,14,0,0,0,0,0,0,0,0.03,0.03,0,0.03,Matches
Mattia Zaccagni,"MF,FW",it Italy,28,1995,3,0,82,0.9,1,0,1,1,0,0,0,0,0.2,0.2,0.4,0.6,2,3,14,1.1,0,1.1,1.1,1.1,0.24,0.43,0.67,0.24,0.67,Matches
Denis Zakaria,MF,ch Switzerland,27,1996,1,0,23,0.3,0,0,0,0,0,0,0,0,0,0,0,0,0,0,0,0,0,0,0,0,,,,,,Matches
Nicola Zalewski,DF,pl Poland,22,2002,3,3,247,2.7,0,0,0,0,0,0,1,0,0.1,0.1,0.1,0.2,11,14,9,0,0,0,0,0,0.04,0.04,0.09,0.04,0.09,Matches
Piotr Zieliński,MF,pl Poland,29,1994,3,3,253,2.8,0,1,1,0,0,0,0,0,0.5,0.5,0.4,0.8,16,10,11,0,0.36,0.36,0,0.36,0.16,0.14,0.3,0.16,0.3,Matches
Oleksandr Zinchenko,DF,ua Ukraine,27,1996,3,2,213,2.4,0,1,1,0,0,0,0,0,0,0,0.2,0.3,3,11,6,0,0.42,0.42,0,0.42,0.02,0.1,0.12,0.02,0.12,Matches
Joshua Zirkzee,"FW,DF",nl Netherlands,22,2001,2,0,5,0.1,0,0,0,0,0,0,0,0,0,0,0,0,0,0,2,0,0,0,0,0,0,0,0,0,0,Matches
Andrija Živković,DF,rs Serbia,27,1996,3,3,244,2.7,0,0,0,0,0,0,0,0,0,0,0.7,0.7,8,12,16,0,0,0,0,0,0,0.24,0.24,0,0.24,Matches
Budu Zivzivadze,"FW,MF",ge Georgia,29,1994,2,0,18,0.2,0,0,0,0,0,0,0,0,0.1,0.1,0,0.1,0,1,1,0,0,0,0,0,0.45,0,0.45,0.45,0.45,Matches
Steven Zuber,MF,ch Switzerland,32,1991,2,0,77,0.9,0,0,0,0,0,0,0,0,0.2,0.2,0,0.2,0,2,7,0,0,0,0,0,0.39,0.04,0.42,0.39,0.42,Matches
Martín Zubimendi,MF,es Spain,24,1999,4,1,141,1.6,0,0,0,0,0,0,0,0,0,0,0,0,5,17,3,0,0,0,0,0,0,0.01,0.01,0,0.01,Matches
Oleksandr Zubkov,FW,ua Ukraine,27,1996,1,0,24,0.3,0,0,0,0,0,0,0,0,0,0,0,0,0,2,1,0,0,0,0,0,0,0,0,0,0,Matches